ID,Name,Yield Count,Yield Units,Yield Units Descriptor,Cost,Cost Per Unit,Categories,Allergens,Label Certifications,Ingredient List,Target Margin,Minimum Sell Price (calculated based on target margin),Sell Quantity,Sell Price,Sell Price Per Unit,Sell Margin,Food Cost Percentage
230069,6” chocolate chip cookie round,1.0,each,Batch,6.596,6.596,"","Eggs, Gluten, Milk, Soy","","chocolate chips-large (sugar, unsweetened chocolate, cocoa butter, whole milk powder, soy
lecithin, vanilla extract), flour, light brown sugar, butter, large eggs, baking vanilla, salt, baking soda",,,1,,,,
242230,Apple Chaider,1.0,each,batch,4.134,4.134,"","","","cinnamon sticks, apple cider, chai tea (bagged)",,,1,,,,
287306,Apple Chaider Sorbet,2.0,each,tubs,2086.722,1043.361,Sorbet,"","","tree top applesauce (apples, water, vitamin c), water, white sugar, glucose powder, sea salt, ice bracer, apple cider, organic chai concentrate",,,1,,,,
284282,Apple Compote,1.0,g,"",0.557,0.557,"","","","white sugar, light brown sugar, cinnamon (powdered)",,,1,,,,
283958,Avocado Kalamansi Sorbet,1.5,each,tubs,17.597,11.731,Sorbet,"","","avocado, water, white sugar, kalamansi puree, glucose powder, ice bracer",,,1,,,,
230256,Baked Chocolate Donuts,1.0,each,servings,2.291,2.291,"","Eggs, Gluten, Milk, Soy","","light brown sugar, flour, buttermilk, large eggs, butter, cocoa powder ('sugar, cocoa- processed with alkali, unsweetened chocolate, soy lecithin- an emulsifier, vanilla.'), baking vanilla, baking soda, salt",,,1,,,,
230223,Banana Cake,2300.0,g,"",9.785,0.00425,"","Eggs, Gluten, Milk","","flour, bananas, sourcream, white sugar, large eggs, butter, baking soda, salt, baking powder, vanilla bean paste",,,1,,,,
275085,Banana Fluffernutter Icecream,2.75,each,Tubs,75.746,27.544,Dairy Ice Cream,"Corn, Eggs, Milk, Peanuts, Soy","","bananas, peanut butter sauce, jett puff creme (corn syrup, sugar, water, dried egg whites, cream of tartar, xanthan gum, artificial and natural flavor), peanut brittle (honey roasted peanuts, white sugar, light corn syrup, butter, water, baking soda, sea salt), banana flavor, madagascar vanilla 2x (bourbon vanilla), 16% meadowvale dairy base-(cream, milk, cane sugar, skim milk, nonfat milk, guar gum, locust bean gum)",,,1,,,,
276625,Banana Nut Muffin Icecream,2.0,each,Tubs,70.606,35.303,Dairy Ice Cream,"Eggs, Gluten, Milk, Tree nuts","","banana cake (flour, bananas, sourcream, white sugar, large eggs, butter, baking soda, salt, baking powder, vanilla bean paste), bananas, roasted maple walnuts (walnuts, maple syrup, salt), white sugar, 16% meadowvale dairy base-(cream, milk, cane sugar, skim milk, nonfat milk, guar gum, locust bean gum)",,,1,,,,
230768,Banana Peanut Butter Party Ice Cream,3.0,each,Tubs,68.93,22.977,Dairy Ice Cream,"Gluten, Milk, Peanuts, Soy, Wheat","","bananas, nutter butter, peanut butter cups, mini, peanut butter chips, madagascar vanilla 2x (bourbon vanilla), 16% meadowvale dairy base-(cream, milk, cane sugar, skim milk, nonfat milk, guar gum, locust bean gum)",,,1,,,,
229050,Bananamon Ice Cream,2.2,each,tubs,1085.169,493.259,Dairy Ice Cream,Milk,"","roasted bananas (bananas, light brown sugar, butter), madagascar vanilla 2x (bourbon vanilla), banana flavor, 16% meadowvale dairy base-(cream, milk, cane sugar, skim milk, nonfat milk, guar gum, locust bean gum), cinnamon flavor",,,1,,,,
284264,Basil Icecream,1.5,each,tubs,41.396,27.597,Dairy Ice Cream,Milk,"","basil, madagascar vanilla 2x (bourbon vanilla), sweet basil flavor, 16% meadowvale dairy base-(cream, milk, cane sugar, skim milk, nonfat milk, guar gum, locust bean gum), cinnamon flavor",,,1,,,,
243828,Birthday Cake Ice Cream,1.5,each,tubs,6345.159,4230.106,Dairy Ice Cream,"Eggs, Gluten, Milk","","vanilla cake (white sugar, flour, milk, whole, large eggs, sourcream, baking vanilla, baking powder, salt, canola oil), buttercream frosting (powdered sugar, butter, light corn syrup, buttermilk, mexican vanilla 2x, salt), rainbow sprinkles, gmf cake batter flavor, 16% meadowvale dairy base-(cream, milk, cane sugar, skim milk, nonfat milk, guar gum, locust bean gum)",,,1,,,,
229085,Black Currant Ice Cream,1.0,each,tubs,102.826,102.826,Dairy Ice Cream,Milk,"","black currant puree, white sugar, madagascar vanilla 2x (bourbon vanilla), 16% meadowvale dairy base-(cream, milk, cane sugar, skim milk, nonfat milk, guar gum, locust bean gum)",,,1,,,,
229087,Black Currant Sorbet,1.0,each,tubs,99.69,99.69,Sorbet,"","","black currant puree, water, white sugar, glucose, ice bracer, mexican vanilla 2x, rose water",,,1,,,,
250559,Black Forest Cheesecake Icecream,2.5,each,tubs,29551.074,11820.43,Dairy Ice Cream,"Eggs, Gluten, Milk, Soy","","chocolate cake (white sugar, flour, buttermilk, water, large eggs, cocoa powder ('sugar, cocoa- processed with alkali, unsweetened chocolate, soy lecithin- an emulsifier, vanilla.'), baking vanilla, baking powder, salt, baking soda, espresso powder, canola oil), cheesecake (cream cheese, white sugar, large eggs, milk, whole, sourcream, cornstarch, baking vanilla, salt), chocolate paste (water, white sugar, cocoa powder ('sugar, cocoa- processed with alkali, unsweetened chocolate, soy lecithin- an emulsifier, vanilla.')), amarena cherries, mexican vanilla 2x, cherry flavor gmf, 16% meadowvale dairy base-(cream, milk, cane sugar, skim milk, nonfat milk, guar gum, locust bean gum)",,,1,,,,
284265,Blackberry Flake Icecream,2.5,each,tubs,356.101,142.44,Dairy Ice Cream,"Milk, Soy","","blackberry puree, chocolate flake (chocolate callets (unsweetened chocolate; sugar; cocoa butter; lecithin (soy); natural vanilla flavor; milk), canola oil), white sugar, madagascar vanilla 2x (bourbon vanilla), 16% meadowvale dairy base-(cream, milk, cane sugar, skim milk, nonfat milk, guar gum, locust bean gum)",,,1,,,,
230770,Blackberry Swirl,1.0,g,"",15.152,15.152,"","","","blackberry puree, white sugar, fruit bracer, blackberry flavor, citric acid solution (citric acid powder, water)",,,1,,,,
286368,Blood Orange Sorbet,1.5,each,tubs,78.539,52.36,Sorbet,"","","blood orange puree, water, white sugar, glucose powder, ice bracer, madagascar vanilla 2x (bourbon vanilla), orange oil",,,1,,,,
215077,Blood Peach Sorbet,1.0,each,Tub,72.436,72.436,"","","","water, blood peach puree, white sugar, glucose powder, ice bracer, tahitian vanilla, citric acid powder",,,1,,,,
284268,Blueberry Cheesecake Icecream,1.75,each,tubs,19233.818,10990.753,Dairy Ice Cream,"Eggs, Gluten, Milk, Soy","","cheesecake (cream cheese, white sugar, large eggs, milk, whole, sourcream, cornstarch, baking vanilla, salt), blueberries, frozen, white sugar, graham cracker, 16% meadowvale dairy base-(cream, milk, cane sugar, skim milk, nonfat milk, guar gum, locust bean gum)",,,1,,,,
230493,Blueberry Jam,1.0,each,servings,16.665,16.665,"","","","blueberries, frozen, white sugar, cinnamon (powdered)",,,1,,,,
286367,Blueberry Sorbet,1.5,each,tubs,3010.051,2006.701,Sorbet,"","","water, blueberry puree, white sugar, glucose powder, ice bracer, citric acid powder, madagascar vanilla 2x (bourbon vanilla)",,,1,,,,
242222,Brown butter mixed nuts,1.0,each,servings,3.958,3.958,"","Milk, Peanuts, Tree nuts","","mixed nuts, butter, light brown sugar",,,1,,,,
231105,Brownie Ice-cream Sammie,2.0,each,9x13 pans,10.842,5.421,"","Eggs, Gluten, Milk, Soy","","white sugar, butter, large eggs, light brown sugar, flour, cocoa powder ('sugar, cocoa- processed with alkali, unsweetened chocolate, soy lecithin- an emulsifier, vanilla.'), baking vanilla, salt, baking soda, canola oil",,,1,,,,
229604,Brownies,1870.0,g,Grams/Chopped ,14.419,0.00771,"","Eggs, Gluten, Milk, Soy","","white sugar, butter, large eggs, cocoa powder ('sugar, cocoa- processed with alkali, unsweetened chocolate, soy lecithin- an emulsifier, vanilla.'), flour, baking vanilla, sea salt",,,1,,,,
248519,Brownies (Sally’s Recipe),1250.0,g,"",8.53,0.00682,"","Eggs, Milk, Soy","","white sugar, chocolate chips-large (sugar, unsweetened chocolate, cocoa butter, whole milk powder, soy
lecithin, vanilla extract), large eggs, butter, cocoa powder ('sugar, cocoa- processed with alkali, unsweetened chocolate, soy lecithin- an emulsifier, vanilla.'), baking vanilla, salt",,,1,,,,
242295,Buckeyes,1.0,g,"",10.9,10.9,"","Milk, Peanuts, Soy, Tree nuts","","chocolate chips-large (sugar, unsweetened chocolate, cocoa butter, whole milk powder, soy
lecithin, vanilla extract), peanut butter, powdered sugar, sea salt, coconut oil",,,1,,,,
237268,Bumpy Road Ice Cream,1.0,each,tubs,4863.361,4863.361,Dairy Ice Cream,"Milk, Peanuts, Soy","","chocolate paste (water, white sugar, cocoa powder ('sugar, cocoa- processed with alkali, unsweetened chocolate, soy lecithin- an emulsifier, vanilla.')), peanut butter cups, mini, honey roasted peanuts, mini marshmallows, mexican vanilla 2x, 16% meadowvale dairy base-(cream, milk, cane sugar, skim milk, nonfat milk, guar gum, locust bean gum)",,,1,,,,
275113,Butter Pecan Baklava Icecream,2.25,each,Tubs,1041.455,462.869,Dairy Ice Cream,"Gluten, Milk, Tree nuts","","phyllo dough, pecans, butter pecan flavor, cinnamon (powdered), cardamom (powdered), annatto extract, wildflower honey, 16% meadowvale dairy base-(cream, milk, cane sugar, skim milk, nonfat milk, guar gum, locust bean gum)",,,1,,,,
231111,Buttercream Frosting,1.0,each,servings,6.997,6.997,"",Milk,"","powdered sugar, butter, light corn syrup, buttermilk, mexican vanilla 2x, salt",,,1,,,,
230213,Buttermilk Waffles,1.0,each,Batch,5.693,5.693,"","Eggs, Gluten, Milk","","buttermilk, flour, large eggs, butter, white sugar, baking powder, baking vanilla, baking soda, salt",,,1,,,,
284269,Butterscotch Icecream,2.0,each,tubs,132.264,66.132,Dairy Ice Cream,"Artificial dye, Milk, Soy","","sugar, palm kernel oil, milk, nonfat milk, 2% or less of hydrogenated palm oil, soy lecithin, butter, caramel color, natural flavor, artificial flavor, sunflower lecithin, paprika oleoresin (for color), acetic acid., turmeric gmf, annatto extract, 16% meadowvale dairy base-(cream, milk, cane sugar, skim milk, nonfat milk, guar gum, locust bean gum), butterscotch flavor (gmf)",,,1,,,,
275100,Candy Cane Icecream,1.5,each,"",610.952,407.302,Dairy Ice Cream,Milk,"","candy cane pieces, 16% meadowvale dairy base-(cream, milk, cane sugar, skim milk, nonfat milk, guar gum, locust bean gum), peppermint oil",,,1,,,,
284274,Candy Crushing It Icecream,2.0,each,tubs,48.214,24.107,Dairy Ice Cream,"Artificial dye, Corn, Milk, Peanuts, Soy, Tree nuts","","milk chocolate (sugar, chocolate, skim milk, cocoa butter, lactose, milkfat, peanuts, soy lecithin, salt, natural flavor), sugar, cornstarch; less than 1% of: palm oil, corn syrup, dextrin, artifical colors , milk chocolate (sugar, cocoa butter, chocolate, skim milk, milk fat, lactose, lecithin, pgpr)
peanuts
sugar
dextrose
salt
tbhq & citric acid (to maintain freshness), corn syrup
coconut
sugar
chocolate
cocoa
peppermint oil* (artificial flavor) (organic cocoa**, palm kernel oil, coconut oil, palm oil, cinnamon*, annatto extract)
contains 2% or less of:
salt
soy lecithin
pgpr
hydrolyzed milk protein
sodium metabisulfite (to maintain freshness)
vanillin (artificial flavor), sugar, wheat flour (contains calcium, iron, thiamin and niacin), milk powders (skimmed and whole), cocoa mass, cocoa butter, vegetable fats (palm, palm kernel, shea/ illipe/ mango kernel/ kokum gurgi/ sal), lactose and proteins from whey (from milk), whey powder (from milk), emulsifiers (sunflower lecithin, soya lecithin), yeast raising agent (sodium bicarbonate), natural vanilla flavourings, salt butterfat (from milk) natural flavourings., heath bar pieces, sugar, chocolate, cocoa butter, nonfat milk, milkfat, lactose, soy lecithin, natural flavor, rice flour, sugar, barley malt, salt. 
, butterfinger pieces: corn syrup, sugar, ground roasted peanuts, palm oil, soy lecithin, non fat milk, peanut flour, less than 2% cocoa, salt, natural flavor, annatto coloring, indonesian vanilla extract 2x, 16% meadowvale dairy base-(cream, milk, cane sugar, skim milk, nonfat milk, guar gum, locust bean gum)",,,1,,,,
284278,Cantaloupe Icecream,2.0,each,tubs,49.431,24.715,Dairy Ice Cream,Milk,"","cantaloupe, white sugar, tahitian vanilla, 16% meadowvale dairy base-(cream, milk, cane sugar, skim milk, nonfat milk, guar gum, locust bean gum), cantaloupe flavor (gmf)",,,1,,,,
284280,Caramel Apple Pie Icecream,3.5,each,tubs,1415.119,404.32,Dairy Ice Cream,"Artificial dye, Corn, Gluten, Milk, Soy","","apple puree, torani caramel sauce: corn syrup, sugar, invert sugar, heavy cream, water, butter (cream, salt), nonfat milk, less than 1% of lecithin, salt, caramel color, sodium bicarbonate, natural flavors. contains milk., shortbread (flour, butter, powdered sugar, salt, baking vanilla), apple compote (white sugar, light brown sugar, cinnamon (powdered)), white sugar, madagascar vanilla 2x (bourbon vanilla), cinnamon (powdered), 16% meadowvale dairy base-(cream, milk, cane sugar, skim milk, nonfat milk, guar gum, locust bean gum)",,,1,,,,
275077,Caramel cookie crunch icecream,2.0,each,Tubs,8781.202,4390.601,Dairy Ice Cream,"Gluten, Milk, Soy, Wheat","","edible cinnamon sugar cookie dough (light brown sugar, heat treated flour, butter, milk, whole, baking vanilla, cinnamon (powdered), salt), edible sugar cookie dough (heat treated flour, butter, white sugar, sanding sugar, cream of tartar, cornstarch, baking vanilla, salt, baking soda, baking powder), white choco covered pretzels (white chocolate, pretzels), light brown sugar, gmf caramel flavor, sea salt, gmf caramel color, annatto extract, 16% meadowvale dairy base-(cream, milk, cane sugar, skim milk, nonfat milk, guar gum, locust bean gum)",,,1,,,,
240206,Caramelized White Chocolate,1.0,each,Serving,31.356,31.356,"","Milk, Soy","",white chocolate,,,1,,,,
283952,Carrot Cake Icecream,1.5,each,Tubs,71.093,47.395,Dairy Ice Cream,"Milk, Tree nuts","","cream cheese frosting (powdered sugar, cream cheese, butter, light corn syrup, mexican vanilla 2x, sea salt), roasted maple walnuts (walnuts, maple syrup, salt), roasted carrots (carrots, chopped and peeled, butter, light brown sugar, cinnamon (powdered)), 16% meadowvale dairy base-(cream, milk, cane sugar, skim milk, nonfat milk, guar gum, locust bean gum)",,,1,,,,
239649,Cashew brittle,620.0,g,Grams (chopped),4.96,0.008,"","Milk, Tree nuts","","cashew, white sugar, light corn syrup, butter, water, baking soda, sea salt",,,1,,,,
230071,Cheesecake,1.0,g,"",15.344,15.344,"","Eggs, Milk","","cream cheese, white sugar, large eggs, milk, whole, sourcream, cornstarch, baking vanilla, salt",,,1,,,,
250494,Cherry Chocolate Flake IceCream,1.0,each,tubs,417.96,417.96,Dairy Ice Cream,"Milk, Soy","","creme fraiche (pasteurized cultured cream), white sugar, chocolate flake (chocolate callets (unsweetened chocolate; sugar; cocoa butter; lecithin (soy); natural vanilla flavor; milk), canola oil), madagascar vanilla 2x (bourbon vanilla), amarena cherries, 16% meadowvale dairy base-(cream, milk, cane sugar, skim milk, nonfat milk, guar gum, locust bean gum)",,,1,,,,
284283,Cherry Goat Cheese,1.5,each,tubs,114730.42,76486.947,"","Gluten, Milk","","cherry swirl (amarena cherries, tart dried cherries), goat cheese, tart dried cherries, thyme piecrust (flour, butter, water, white sugar, thyme, salt), white sugar, madagascar vanilla 2x (bourbon vanilla), 16% meadowvale dairy base-(cream, milk, cane sugar, skim milk, nonfat milk, guar gum, locust bean gum)",,,1,,,,
230431,Cherry Icecream,1.0,each,Tubs,45.148,45.148,Dairy Ice Cream,Milk,"","cherry puree, amarena cherries, white sugar, tahitian vanilla, 16% meadowvale dairy base-(cream, milk, cane sugar, skim milk, nonfat milk, guar gum, locust bean gum)",,,1,,,,
230844,Cherry Swirl,1.0,each,servings,68.687,68.687,"","","","amarena cherries, tart dried cherries",,,1,,,,
286631,Choco-Covered Strawberry Icecream (COCO),1.5,each,tubs,146212.145,97474.763,Coconut Vegan Ice Cream,"Coconut*, Soy, Tree nuts","","strawberry paste, vegan fudge (plant-based oil blend from canola, coconut and sunflower oils, water, sunflower lecithin, faba bean protein, citric acid, natural flavor, glucose, beta carotene (color)., soy milk, light corn syrup, vegan chocolate chips, maple syrup, cocoa powder ('sugar, cocoa- processed with alkali, unsweetened chocolate, soy lecithin- an emulsifier, vanilla.'), baking vanilla, salt), strawberry puree, sugar, invert sugar, water, strawberry concentrate, modified starch, acid, gelling agent(sodium alginate) , natural flavoring, carrot concentrate, preservative (potassium sorbate), firming agent (calcium chloride), elderberry concentrate, black currant concentrate, white sugar, coconut cream (coconut extract, water), cane sugar, water, tapioca syrup solids, 2% or less of locust bean gum, sea salt.
",,,1,,,,
242224,Chocolate Buttercream,1.0,each,servings,4.994,4.994,"","Milk, Soy","","powdered sugar, butter, heavy cream, cocoa powder ('sugar, cocoa- processed with alkali, unsweetened chocolate, soy lecithin- an emulsifier, vanilla.'), baking vanilla, salt",,,1,,,,
230062,Chocolate cake,1.0,g,"",10.615,10.615,"","Eggs, Gluten, Milk, Soy","","white sugar, flour, buttermilk, water, large eggs, cocoa powder ('sugar, cocoa- processed with alkali, unsweetened chocolate, soy lecithin- an emulsifier, vanilla.'), baking vanilla, baking powder, salt, baking soda, espresso powder, canola oil",,,1,,,,
230065,Chocolate chip cookies,3350.0,g,Chopped,21.942,0.00655,"","Eggs, Gluten, Milk, Soy","","flour, chocolate chips-large (sugar, unsweetened chocolate, cocoa butter, whole milk powder, soy
lecithin, vanilla extract), butter, dark brown sugar, white sugar, large eggs, baking soda, baking vanilla, salt",,,1,,,,
230246,Chocolate cookies,1.0,each,Batch,3.184,3.184,"","Eggs, Gluten, Milk, Soy","","flour, butter, white sugar, dark brown sugar, large eggs, cocoa powder ('sugar, cocoa- processed with alkali, unsweetened chocolate, soy lecithin- an emulsifier, vanilla.'), milk, whole, baking soda, baking vanilla, salt",,,1,,,,
240198,Chocolate Flake,1.0,g,"",0.311,0.311,"",Soy,"","chocolate callets (unsweetened chocolate; sugar; cocoa butter; lecithin (soy); natural vanilla flavor; milk), canola oil",,,1,,,,
240215,Chocolate Ganache,1.0,each,Serving,2.354,2.354,"",Milk,"","heavy cream, light corn syrup, butter, baking vanilla",,,1,,,,
276619,Chocolate Malt Icecream,2.0,each,Tubs,5883.569,2941.784,Dairy Ice Cream,"Eggs, Gluten, Milk, Soy, Wheat","","chocolate paste (water, white sugar, cocoa powder ('sugar, cocoa- processed with alkali, unsweetened chocolate, soy lecithin- an emulsifier, vanilla.')), whoppers, malted milk powder, 16% meadowvale dairy base-(cream, milk, cane sugar, skim milk, nonfat milk, guar gum, locust bean gum)",,,1,,,,
275096,Chocolate Mini egg Icecream,1.5,each,Tubs,11503.936,7669.291,Dairy Ice Cream,"Milk, Soy","","chocolate paste (water, white sugar, cocoa powder ('sugar, cocoa- processed with alkali, unsweetened chocolate, soy lecithin- an emulsifier, vanilla.')), mini cadbury eggs, mexican vanilla 2x, 16% meadowvale dairy base-(cream, milk, cane sugar, skim milk, nonfat milk, guar gum, locust bean gum)",,,1,,,,
230257,Chocolate Paste,1.0,g,"",6.389,6.389,"",Soy,"","water, white sugar, cocoa powder ('sugar, cocoa- processed with alkali, unsweetened chocolate, soy lecithin- an emulsifier, vanilla.')",,,1,,,,
231122,Chocolate Truffles,1.0,each,servings,10.601,10.601,"","Milk, Soy","","chocolate callets (unsweetened chocolate; sugar; cocoa butter; lecithin (soy); natural vanilla flavor; milk), heavy cream, light corn syrup, trablit coffee extract",,,1,,,,
243768,Cinnamon Crisp,1.0,each,servings,66.527,66.527,"","Gluten, Milk","","white sugar, flour, butter, light brown sugar, baking vanilla, sea salt, cinnamon (powdered)",,,1,,,,
268269,Cinnamon Roll Icecream,2.5,each,Tubs,62.118,24.847,Dairy Ice Cream,"Gluten, Milk, Wheat","","cream cheese frosting (powdered sugar, cream cheese, butter, light corn syrup, mexican vanilla 2x, sea salt), edible cinnamon sugar cookie dough (light brown sugar, heat treated flour, butter, milk, whole, baking vanilla, cinnamon (powdered), salt), madagascar vanilla 2x (bourbon vanilla), cinnamon (powdered), 16% meadowvale dairy base-(cream, milk, cane sugar, skim milk, nonfat milk, guar gum, locust bean gum)",,,1,,,,
230255,Cinnamon swirl pie crust cookies,1.0,each,serving,3.431,3.431,"","Gluten, Milk","","pie crust (water, butter, flour, salt, white sugar), light brown sugar, white sugar, butter, cinnamon (powdered)",,,1,,,,
268270,Cinnamon syrup swirl,1.0,g,"",0,0,"","","","",,,1,,,,
231104,Citric acid solution,1.0,g,,0.0106,0.0106,"","","","citric acid powder, water",,,1,,,,
240213,Coconut macaroon,1.0,g,"",398.631,398.631,"","Eggs, Milk","","shredded coconut, condensed milk, large eggs, baking vanilla, salt",,,1,,,,
230762,Coffee Brownie Ice Cream,2.0,each,Tubs,57.26,28.63,Dairy Ice Cream,"Eggs, Gluten, Milk, Soy","","brownies (white sugar, butter, large eggs, cocoa powder ('sugar, cocoa- processed with alkali, unsweetened chocolate, soy lecithin- an emulsifier, vanilla.'), flour, baking vanilla, sea salt), espresso powder, madagascar vanilla 2x (bourbon vanilla), cocoa powder ('sugar, cocoa- processed with alkali, unsweetened chocolate, soy lecithin- an emulsifier, vanilla.'), 16% meadowvale dairy base-(cream, milk, cane sugar, skim milk, nonfat milk, guar gum, locust bean gum)",,,1,,,,
228818,Coffee Cinnamon Cardamom Ice Cream,1.0,each,tubs,47.608,47.608,Dairy Ice Cream,"Milk, Soy","","espresso powder, madagascar vanilla 2x (bourbon vanilla), cinnamon (powdered), cardamom (powdered), cocoa powder ('sugar, cocoa- processed with alkali, unsweetened chocolate, soy lecithin- an emulsifier, vanilla.'), 16% meadowvale dairy base-(cream, milk, cane sugar, skim milk, nonfat milk, guar gum, locust bean gum)",,,1,,,,
275078,Coffee Icecream (for cakes),1.5,each,Tubs,46.079,30.72,Dairy Ice Cream,"Milk, Soy","","espresso powder, madagascar vanilla 2x (bourbon vanilla), cocoa powder ('sugar, cocoa- processed with alkali, unsweetened chocolate, soy lecithin- an emulsifier, vanilla.'), 16% meadowvale dairy base-(cream, milk, cane sugar, skim milk, nonfat milk, guar gum, locust bean gum)",,,1,,,,
230761,Coffee Oreo IceCream,2.0,each,Tubs,64.489,32.244,Dairy Ice Cream,"Gluten, Milk, Soy","","oreo pieces (unbleached flour, reduced iron, thaimine mononitrate, riboflavin, sugar, palm oil, soy bean or canola oil, invert sugar, leavining (baking soda), soy lecithin, salt, chocolate, natural flavor, espresso powder, madagascar vanilla 2x (bourbon vanilla), cocoa powder ('sugar, cocoa- processed with alkali, unsweetened chocolate, soy lecithin- an emulsifier, vanilla.'), 16% meadowvale dairy base-(cream, milk, cane sugar, skim milk, nonfat milk, guar gum, locust bean gum)",,,1,,,,
230516,Coffee Syrup,1375.0,g,"",3.984,0.0029,"","","","water, white sugar, trablit coffee extract",,,,,,,
241286,Cookie buttah Icecream,1.0,each,Tub,567.063,567.063,Dairy Ice Cream,"Corn, Eggs, Gluten, Milk, Soy, Wheat","","cold brew concentrate, biscoff cookie butter (wheat flour, sugar, vegetable oils [contains one or more of soybean oil, sunflower oil, canola oil, palm oil], brown sugar syrup, sodium bicarbonate [leavening], soy flour, salt, cinnamon], canola oil, sugar, soy lecithin, citric acid.), jett puff creme (corn syrup, sugar, water, dried egg whites, cream of tartar, xanthan gum, artificial and natural flavor), biscoff cookies: wheat flour, sugar, vegetable oils (contains one or more of soybean oil, sunflower oil, canola oil, palm oil), brown sugar syrup, sodium bicarbonate (leavening), soy flour, salt, cinnamon., white sugar, 16% meadowvale dairy base-(cream, milk, cane sugar, skim milk, nonfat milk, guar gum, locust bean gum)",,,1,,,,
231309,Cookie Monster Icecream,2.25,each,Tubs,65.328,29.035,Dairy Ice Cream,"Eggs, Gluten, Milk, Soy, Wheat","","chocolate chip cookies (flour, chocolate chips-large (sugar, unsweetened chocolate, cocoa butter, whole milk powder, soy
lecithin, vanilla extract), butter, dark brown sugar, white sugar, large eggs, baking soda, baking vanilla, salt), edible chocolate chip dough (mini chocolate chips (sugar; unsweetened chocolate; cocoa butter; soy lecithin; natural vanilla extract), butter, light brown sugar, heat treated flour, baking vanilla, sea salt), oreo pieces (unbleached flour, reduced iron, thaimine mononitrate, riboflavin, sugar, palm oil, soy bean or canola oil, invert sugar, leavining (baking soda), soy lecithin, salt, chocolate, natural flavor, madagascar vanilla 2x (bourbon vanilla), spirulina powder, 16% meadowvale dairy base-(cream, milk, cane sugar, skim milk, nonfat milk, guar gum, locust bean gum)",,,1,,,,
262450,Cookies and Cream Cookies,2.0,each,batches,11.489,5.745,"","Eggs, Gluten, Milk, Soy","","flour, white chocolate, butter, cream cheese, oreo pieces (unbleached flour, reduced iron, thaimine mononitrate, riboflavin, sugar, palm oil, soy bean or canola oil, invert sugar, leavining (baking soda), soy lecithin, salt, chocolate, natural flavor, white sugar, dark brown sugar, large eggs, baking vanilla, baking soda, cornstarch, salt",,,1,,,,
275114,Cookies and Screams Icecream,2.5,each,Tubs,305.324,122.13,Dairy Ice Cream,"Artificial dye, Eggs, Gluten, Milk, Soy, Wheat","","sugar cookies (flour, white sugar, butter, large eggs, rainbow sprinkles, light brown sugar, baking soda, baking vanilla, salt), edible sugar cookie dough (heat treated flour, butter, white sugar, sanding sugar, cream of tartar, cornstarch, baking vanilla, salt, baking soda, baking powder), oreo pieces (unbleached flour, reduced iron, thaimine mononitrate, riboflavin, sugar, palm oil, soy bean or canola oil, invert sugar, leavining (baking soda), soy lecithin, salt, chocolate, natural flavor, orange sprinkles, madagascar vanilla 2x (bourbon vanilla), 16% meadowvale dairy base-(cream, milk, cane sugar, skim milk, nonfat milk, guar gum, locust bean gum)",,,1,,,,
286411,Corn Cookies,1.0,g,"",194.027,194.027,"","Corn, Eggs, Gluten, Milk","","white sugar, butter, flour, large eggs, corn meal, masa harina, baking powder, salt, baking soda",,,1,,,,
229088,Cotton Candy Icecream,1.66,each,tubs,45.316,27.299,Dairy Ice Cream,Milk,"","cotton candy flavor, pink pitaya powder, beet powder, 16% meadowvale dairy base-(cream, milk, cane sugar, skim milk, nonfat milk, guar gum, locust bean gum)",,,1,,,,
283961,Cranberry Pomegranate Sorbet,1.5,each,tubs,13.674,9.116,Sorbet,"","","water, cranberry puree, white sugar, pomegranate puree, glucose powder, pomegranate concentrate, ice bracer, orange oil",,,1,,,,
230501,Cranberry Swirl,1.0,each,servings,2.562,2.562,"","","","cranberries, white sugar, red wine, salt, cinnamon (powdered)",,,1,,,,
231109,Cream Cheese Frosting,2500.0,g,"",25.088,0.01,"",Milk,"","powdered sugar, cream cheese, butter, light corn syrup, mexican vanilla 2x, sea salt",,,1,,,,
250495,Creme Fraiche Ice Cream,1.75,each,tubs,45.896,26.227,Dairy Ice Cream,Milk,"","creme fraiche (pasteurized cultured cream), white sugar, madagascar vanilla 2x (bourbon vanilla), 16% meadowvale dairy base-(cream, milk, cane sugar, skim milk, nonfat milk, guar gum, locust bean gum)",,,1,,,,
286287,Dad Bod Icecream,2.0,each,tubs,20387.598,10193.799,Dairy Ice Cream,"Gluten, Milk, Soy, Wheat","","chocolate paste (water, white sugar, cocoa powder ('sugar, cocoa- processed with alkali, unsweetened chocolate, soy lecithin- an emulsifier, vanilla.')), white choco covered pretzels (white chocolate, pretzels), dark chocolate covered potato chips (potato chips, chocolate callets (unsweetened chocolate; sugar; cocoa butter; lecithin (soy); natural vanilla flavor; milk), canola oil), mexican vanilla 2x, 16% meadowvale dairy base-(cream, milk, cane sugar, skim milk, nonfat milk, guar gum, locust bean gum), bourbon whiskey flavor (gmf)",,,1,,,,
230063,Dark chocolate cookies,19.0,each,Pucks,7.539,0.397,"","Eggs, Gluten, Milk","","butter, white sugar, flour, dark cocoa powder, dark brown sugar, large eggs, baking soda, salt",,,1,,,,
239645,Dark chocolate covered potato chips,1.0,g,"",2.061,2.061,"",Soy,"","potato chips, chocolate callets (unsweetened chocolate; sugar; cocoa butter; lecithin (soy); natural vanilla flavor; milk), canola oil",,,1,,,,
275095,Death By Chocolate Icecream,2.75,each,Tubs,32295.637,11743.868,Dairy Ice Cream,"Eggs, Gluten, Milk, Soy","","runny sauce (white sugar, cocoa powder ('sugar, cocoa- processed with alkali, unsweetened chocolate, soy lecithin- an emulsifier, vanilla.'), baking vanilla, salt, water), chocolate cake (white sugar, flour, buttermilk, water, large eggs, cocoa powder ('sugar, cocoa- processed with alkali, unsweetened chocolate, soy lecithin- an emulsifier, vanilla.'), baking vanilla, baking powder, salt, baking soda, espresso powder, canola oil), chocolate paste (water, white sugar, cocoa powder ('sugar, cocoa- processed with alkali, unsweetened chocolate, soy lecithin- an emulsifier, vanilla.')), mexican vanilla 2x, 16% meadowvale dairy base-(cream, milk, cane sugar, skim milk, nonfat milk, guar gum, locust bean gum)",,,1,,,,
275076,Dirty Soda Icecream,3.0,each,Tubs,108.753,36.251,Dairy Ice Cream,Milk,"","cherry puree, amarena cherries, white sugar, cola gmf, tahitian vanilla, gmf caramel color, 16% meadowvale dairy base-(cream, milk, cane sugar, skim milk, nonfat milk, guar gum, locust bean gum)",,,1,,,,
244543,Donut Try This At Home Icecream,1.0,each,servings,91.397,91.397,Dairy Ice Cream,"Corn, Eggs, Gluten, Milk, Soy, Wheat","","maple syrup, indonesian vanilla extract 2x, 16% meadowvale dairy base-(cream, milk, cane sugar, skim milk, nonfat milk, guar gum, locust bean gum), bourbon whiskey flavor (gmf), maple flavor (gmf), glazed donuts (enriched wheat flour bleached (flour,niacin,iron,thiamine mononitrate,riboflavin,folic acid),water,dextrose,soybean oil,apples,high fructose corn syrup,palm oil,sugar,yeast,contains 2% or less: acidic calcium sulfate,agar,ascorbic acid,calcium carbonate,cellulose gum,cinnamon,citric acid,defatted soy flour,degermed yellow corn meal,l-cysteine,eggs,modified food starch,glycerin,glyceryl monooleate,guar gum,hydrogenated soybean oil,baking soda,sodium acid pyrophosphate,malic acid,maltodextrin,mono- & diglycerides,natural flavor,polysorbate 60,potassium sorbate (preservative),benzoic acid,sodium benzoate,sodium erythorbate,sodium metabisulfite,salt,sodium stearoyl lactylate,spices,spice extractives,oleoresin paprika (color),wheat starch,whey)",,,1,,,,
230390,Earl Grey Syrup,1.0,qt,,3.219,3.219,"","","","water, white sugar, earl grey tea",,,1,,,,
230064,Edible chocolate chip dough,2690.0,g,Chopped,19.725,0.00733,"","Gluten, Milk, Soy, Wheat","","mini chocolate chips (sugar; unsweetened chocolate; cocoa butter; soy lecithin; natural vanilla extract), butter, light brown sugar, heat treated flour, baking vanilla, sea salt",,,1,,,,
230218,Edible cinnamon sugar cookie dough,2500.0,g,"",15.097,0.00604,"","Gluten, Milk, Wheat","","light brown sugar, heat treated flour, butter, milk, whole, baking vanilla, cinnamon (powdered), salt",,,1,,,,
229603,Edible sugar cookie dough,1000.0,g,"",9.883,0.00988,"","Gluten, Milk, Wheat","","heat treated flour, butter, white sugar, sanding sugar, cream of tartar, cornstarch, baking vanilla, salt, baking soda, baking powder",,,1,,,,
237265,Eggnog Icecream,1.0,each,tubs,41.023,41.023,Dairy Ice Cream,"Eggs, Milk","","pasteurized egg yolks, eggnog flavor, nutmeg, cinnamon (powdered), indonesian vanilla extract 2x, turmeric gmf, 16% meadowvale dairy base-(cream, milk, cane sugar, skim milk, nonfat milk, guar gum, locust bean gum)",,,1,,,,
228832,Espresso Bean Icecream,2.0,each,tubs,67.301,33.651,Dairy Ice Cream,"Milk, Soy","","milk chocolate covered espresso beans, dark chocolate covered espresso beans (sugar, coffee liquor, cocoa butter, milk fat, vanilla, soy lecithin, espresso beans, confectionary glaze, gum arabic, natural flavors), espresso powder, madagascar vanilla 2x (bourbon vanilla), cocoa powder ('sugar, cocoa- processed with alkali, unsweetened chocolate, soy lecithin- an emulsifier, vanilla.'), 16% meadowvale dairy base-(cream, milk, cane sugar, skim milk, nonfat milk, guar gum, locust bean gum)",,,1,,,,
250558,Everything But The Ice Cream,3.0,each,tubs,16860.375,5620.125,Dairy Ice Cream,"Coconut*, Gluten, Milk, Soy, Tree nuts, Wheat","","v/gf granola (plant-based oil blend from canola, coconut and sunflower oils, water, sunflower lecithin, faba bean protein, citric acid, natural flavor, glucose, beta carotene (color)., gluten free rolled oats, light brown sugar, maple syrup, dried apples, salt, cinnamon (powdered)), cream cheese, white choco covered pretzels (white chocolate, pretzels), dark brown sugar, pecans, chocolate flake (chocolate callets (unsweetened chocolate; sugar; cocoa butter; lecithin (soy); natural vanilla flavor; milk), canola oil), madagascar vanilla 2x (bourbon vanilla), 16% meadowvale dairy base-(cream, milk, cane sugar, skim milk, nonfat milk, guar gum, locust bean gum)",,,1,,,,
250491,Farmers Market Strawberry Ice Cream,2.75,each,tubs,53.309,19.385,Dairy Ice Cream,"","","farmers market strawberries, strawberry puree, white sugar, tahitian vanilla",,,1,,,,
284959,Fruit of the Forest Icecream,2.0,each,tubs,218570.387,109285.194,Dairy Ice Cream,Milk,"","mixed berry compote (for ic for bfast) (strawberries, frozen, raspberries, frozen, white sugar, blackberries, frozen, blueberries, frozen, citric acid powder), madagascar vanilla 2x (bourbon vanilla), 16% meadowvale dairy base-(cream, milk, cane sugar, skim milk, nonfat milk, guar gum, locust bean gum)",,,1,,,,
242606,GF Lemon Crinkle Cookies,1.0,each,batch,2.234,2.234,"","Eggs, Milk","","bobs redmill gluten free flour: sweet white rice flour, whole grain brown rice flour, potato starch, whole grain sorghum flour, tapioca flour, xantham gum) heat-treated, brown sugar, white sugar, large eggs, powdered sugar, butter, lemon, baking powder, baking vanilla, salt",,,1,,,,
287736,GF/V Black Bean Brownies,1.0,g,"",360.979,360.979,"","Coconut*, Soy","","vegan chocolate chips, light brown sugar, black beans, bobs redmill gluten free flour: sweet white rice flour, whole grain brown rice flour, potato starch, whole grain sorghum flour, tapioca flour, xantham gum) heat-treated, brown sugar, plant-based oil blend from canola, coconut and sunflower oils, water, sunflower lecithin, faba bean protein, citric acid, natural flavor, glucose, beta carotene (color)., cocoa powder ('sugar, cocoa- processed with alkali, unsweetened chocolate, soy lecithin- an emulsifier, vanilla.'), baking soda, baking vanilla, salt, water, organic oats, organic sunflower oil, salt, potassium corbonate ",,,1,,,,
275101,Gingerbread Cake Icecream,2.25,each,Tubs,16988.602,7550.49,Dairy Ice Cream,"Eggs, Gluten, Milk, Soy","","cream cheese frosting (powdered sugar, cream cheese, butter, light corn syrup, mexican vanilla 2x, sea salt), orange gingerbread cake (flour, molasses, white sugar, water, large eggs, wildflower honey, baking soda, ginger, salt, orange oil, cinnamon flavor, canola oil), molasses, ginger, madagascar vanilla 2x (bourbon vanilla), cocoa powder ('sugar, cocoa- processed with alkali, unsweetened chocolate, soy lecithin- an emulsifier, vanilla.'), all spice, cinnamon (powdered), blackpepper, nutmeg, 16% meadowvale dairy base-(cream, milk, cane sugar, skim milk, nonfat milk, guar gum, locust bean gum), cloves",,,1,,,,
242293,Gluten Free Heat Treated Flour,1.0,g,,0,0,"","","","",,,1,,,,
262463,Goat Cheese Swirl,1.0,each,batch,7.309,7.309,"",Milk,"","goat cheese, heavy cream, light corn syrup, powdered sugar, wildflower honey, baking vanilla, sea salt",,,1,,,,
286408,Golden Milk (dairy) Icecream,1.5,each,tubs,1250041.662,833361.108,Dairy Ice Cream,Milk,"","blackpepper, wildflower honey, turmeric (powdered), cinnamon (powdered), ginger, indonesian vanilla extract 2x, cardamom (powdered), 16% meadowvale dairy base-(cream, milk, cane sugar, skim milk, nonfat milk, guar gum, locust bean gum)",,,1,,,,
231120,Golden Oreo cookie butter,1.0,each,servings,26.083,26.083,"","Gluten, Milk, Soy, Wheat","","ingredients: unbleached enriched flour (wheat flour, niacin, reduced iron, thiamine mononitrate [vitamin b1], riboflavin [vitamin b2], folic acid), sugar, soybean and/or canola oil, palm oil, high fructose corn syrup, salt, baking soda, soy lecithin, natural and artificial flavor.contains: wheat, soy., milk, whole, baking vanilla, canola oil",,,1,,,,
242228,Graham Cracker Pie Crust,1.0,each,Pie crust,2.714,2.714,"","Gluten, Milk, Soy","","graham cracker, white sugar, butter, cinnamon (powdered)",,,1,,,,
230852,"Granny smith apples, chopped",1.0,g,,0,0,"","","","",,,1,,,,
276627,Granola Parfait Icecream,2.5,each,Tubs,79900.449,31960.18,Dairy Ice Cream,"Gluten, Milk","","cinnamon crisp (white sugar, flour, butter, light brown sugar, baking vanilla, sea salt, cinnamon (powdered)), marionberry spread, greek yogurt, white sugar, 16% meadowvale dairy base-(cream, milk, cane sugar, skim milk, nonfat milk, guar gum, locust bean gum)",,,1,,,,
286410,Grizzler Icecream,1.5,each,tubs,4777.911,3185.274,Dairy Ice Cream,"Fish, Milk","","blackberries, turbinado sugar, tomato puree, brown sugar, honey, red wine vinegar, tomato paste, organic molasses, kosher salt, worcestershire sauce (fish), 
natural hickory smoke flavor, onion powder, mustard powder, black pepper, marionberry spread, glycerin and artificial flavor, 16% meadowvale dairy base-(cream, milk, cane sugar, skim milk, nonfat milk, guar gum, locust bean gum)",,,1,,,,
229129,Guava+ Sorbet,1.0,each,tubs,76.787,76.787,Sorbet,"","","guava puree, water, earl grey syrup (water, white sugar, earl grey tea), white sugar, passionfruit puree, glucose powder, ice bracer, orange oil",,,1,,,,
284961,Guilty Pleasure Icecream,2.25,each,tubs,60.642,26.952,Dairy Ice Cream,"Artificial dye, Corn, Eggs, Gluten, Milk, Peanuts, Soy","","brownies (white sugar, butter, large eggs, cocoa powder ('sugar, cocoa- processed with alkali, unsweetened chocolate, soy lecithin- an emulsifier, vanilla.'), flour, baking vanilla, sea salt), peanut butter sauce, torani caramel sauce: corn syrup, sugar, invert sugar, heavy cream, water, butter (cream, salt), nonfat milk, less than 1% of lecithin, salt, caramel color, sodium bicarbonate, natural flavors. contains milk., indonesian vanilla extract 2x, saigon cinnamon, 16% meadowvale dairy base-(cream, milk, cane sugar, skim milk, nonfat milk, guar gum, locust bean gum)",,,1,,,,
231106,Hazelnut Praline,1.0,each,servings,6.809,6.809,"",Tree nuts,"","white sugar, hazelnuts, salt",,,1,,,,
286366,Heirloom Tomato Sorbet,1.5,each,tubs,16.673,11.115,Sorbet,"","","water, heirloom tomato, white sugar, glucose powder, ice bracer, indonesian vanilla extract 2x, cinnamon (powdered)",,,1,,,,
230492,Hibiscus Syrup,1.0,qt,,1.912,1.912,"","","","water, white sugar, hibiscus",,,1,,,,
287303,High Tea Icecream,2.0,each,tubs,176416.523,88208.261,Dairy Ice Cream,"Gluten, Milk","","orange bitters, bergamot gmf, earl grey syrup (water, white sugar, earl grey tea), candied orange pieces, shortbread (flour, butter, powdered sugar, salt, baking vanilla), 16% meadowvale dairy base-(cream, milk, cane sugar, skim milk, nonfat milk, guar gum, locust bean gum)",,,1,,,,
286404,Hint Of Mint Ripple Icecream,1.5,each,Tubs,39.479,26.32,Dairy Ice Cream,Milk,"","mint, fresh, madagascar vanilla 2x (bourbon vanilla), 16% meadowvale dairy base-(cream, milk, cane sugar, skim milk, nonfat milk, guar gum, locust bean gum)",,,1,,,,
286374,Honey Lavender Icecream,2.0,each,tubs,84.652,42.326,Dairy Ice Cream,Milk,"","lavender water flavor (gmf), honey flavor (gmf), purple carrot extract, 16% meadowvale dairy base-(cream, milk, cane sugar, skim milk, nonfat milk, guar gum, locust bean gum)",,,1,,,,
243816,Honey Lemon Ricotta Icecream,2.25,each,tubs,1000054.874,444468.833,Dairy Ice Cream,Milk,"","honey flavor (gmf), ricotta cheese, wildflower honey, lemon, 16% meadowvale dairy base-(cream, milk, cane sugar, skim milk, nonfat milk, guar gum, locust bean gum), lemon oil",,,1,,,,
286373,HoneyComb Candy,1.0,g,"",0,0,"","","","",,,1,,,,
237263,Hot Cocoa Icecream,1.0,each,tubs,5713.454,5713.454,Dairy Ice Cream,"Milk, Soy","","chocolate paste (water, white sugar, cocoa powder ('sugar, cocoa- processed with alkali, unsweetened chocolate, soy lecithin- an emulsifier, vanilla.')), mini marshmallows, 16% meadowvale dairy base-(cream, milk, cane sugar, skim milk, nonfat milk, guar gum, locust bean gum)",,,1,,,,
276644,Hot Cross Buns Icecream,2.0,each,Tubs,51.316,25.658,Dairy Ice Cream,"Gluten, Milk, Wheat","","cream cheese frosting (powdered sugar, cream cheese, butter, light corn syrup, mexican vanilla 2x, sea salt), edible cinnamon sugar cookie dough (light brown sugar, heat treated flour, butter, milk, whole, baking vanilla, cinnamon (powdered), salt), candied orange pieces, golden raisins, madagascar vanilla 2x (bourbon vanilla), cinnamon (powdered), 16% meadowvale dairy base-(cream, milk, cane sugar, skim milk, nonfat milk, guar gum, locust bean gum)",,,1,,,,
286288,Hot Honey Peach Icecream,2.0,each,tubs,1003240.152,501620.076,Dairy Ice Cream,Milk,"","honey flavor (gmf), roasted peaches (peaches, light brown sugar), wildflower honey, yellow hot pepper, salt, citric acid, sodium benzoate, white sugar, 16% meadowvale dairy base-(cream, milk, cane sugar, skim milk, nonfat milk, guar gum, locust bean gum), peach flavor gmf",,,1,,,,
286405,Housemade Fudge,1.0,g,"",0,0,"","","","",,,1,,,,
286618,Huckleberry (dairy) Icecream,1.5,each,tubs,43.411,28.941,Dairy Ice Cream,Milk,"","huckleberries, white sugar, orange blossom water, tahitian vanilla, 16% meadowvale dairy base-(cream, milk, cane sugar, skim milk, nonfat milk, guar gum, locust bean gum)",,,1,,,,
229135,It's Giving Purple Sorbet,1.0,each,tubs,76.289,76.289,Sorbet,"","","water, black currant puree, white sugar, glucose powder, ice bracer, violet syrup",,,1,,,,
276624,Jam Tart Icecream,2.0,each,Tubs,872.99,436.495,Dairy Ice Cream,"Eggs, Gluten, Milk","","raspberry jam, shortbread (flour, butter, powdered sugar, salt, baking vanilla), lemon curd (white sugar, butter, large eggs, cornstarch), 16% meadowvale dairy base-(cream, milk, cane sugar, skim milk, nonfat milk, guar gum, locust bean gum)",,,1,,,,
284902,Kiwi Sorbet,2.0,each,tubs,9.682,4.841,Sorbet,"","","kiwi puree, water, white sugar, glucose powder, ice bracer, tahitian vanilla",,,1,,,,
286284,Kristens Lunch Icecream,2.5,each,tubs,1607.98,643.192,Dairy Ice Cream,"Gluten, Milk, Peanuts, Soy","","blackberry puree, sugar, blackberries, water, fruit pectin, citric acid, potassium sorbrate, peanut butter sauce, shortbread (flour, butter, powdered sugar, salt, baking vanilla), white sugar, madagascar vanilla 2x (bourbon vanilla), 16% meadowvale dairy base-(cream, milk, cane sugar, skim milk, nonfat milk, guar gum, locust bean gum)",,,1,,,,
230494,Lemon Curd,1.0,each,servings,1.676,1.676,"","Eggs, Milk","","white sugar, butter, large eggs, cornstarch",,,1,,,,
275111,Lemon meringue pie Icecream,2.0,each,Tubs,2480.817,1240.408,Dairy Ice Cream,"Eggs, Gluten, Milk, Soy","","graham cracker, lemon curd (white sugar, butter, large eggs, cornstarch), meringue (large eggs, white sugar, cream of tartar, sea salt), 16% meadowvale dairy base-(cream, milk, cane sugar, skim milk, nonfat milk, guar gum, locust bean gum), lemon oil",,,1,,,,
248540,Lemon Sorbet,1.0,each,tub,56.09,56.09,Sorbet,"","","water, lemon puree, white sugar, glucose, ice bracer, orange oil",,,1,,,,
230357,"Lemon, juiced",3.0,oz,,0,0,"","","","",,,1,,,,
230356,"Lemon, zested",1.0,tbsp,,0,0,"","","","",,,1,,,,
230437,Licorice Icecream,1.5,each,Tubs,40.842,27.228,Dairy Ice Cream,Milk,"","purple carrot extract, anise extract, annatto extract, spirulina powder, 16% meadowvale dairy base-(cream, milk, cane sugar, skim milk, nonfat milk, guar gum, locust bean gum)",,,1,,,,
286639,Lime Icecream,1.0,each,tub,38.76,38.76,Dairy Ice Cream,Milk,"","lime puree, white sugar, 16% meadowvale dairy base-(cream, milk, cane sugar, skim milk, nonfat milk, guar gum, locust bean gum), lemon oil",,,1,,,,
242300,"Limes, juiced",1.0,g,"",0,0,"","","","",,,1,,,,
242298,"Limes, zested",1.0,g,,0,0,"","","","",,,1,,,,
250490,Lychee Sorbet,1.75,each,tubs,577.761,330.149,Sorbet,"","","purple carrot extract, lychee puree, water, white sugar, glucose powder, ice bracer",,,1,,,,
229051,Malted Coffee Toffee Ice Cream,1.75,each,tubs,68.534,39.162,Dairy Ice Cream,"Gluten, Milk, Soy, Tree nuts, Wheat","","heath bar pieces, malted milk powder, white sugar, espresso powder, madagascar vanilla 2x (bourbon vanilla), cocoa powder ('sugar, cocoa- processed with alkali, unsweetened chocolate, soy lecithin- an emulsifier, vanilla.'), 16% meadowvale dairy base-(cream, milk, cane sugar, skim milk, nonfat milk, guar gum, locust bean gum)",,,1,,,,
230254,Malted Toffee Coffee Cookies,11.0,each,Cookies,7.74,0.704,"","Eggs, Gluten, Milk, Soy, Tree nuts, Wheat","","flour, butter, heath bar pieces, light brown sugar, large eggs, white sugar, malted milk powder, espresso powder, salt, baking soda, baking powder",,,1,,,,
229052,Malty and Salty Icecream,1.0,each,tubs,55.286,55.286,Dairy Ice Cream,"Gluten, Milk, Soy, Wheat","","malted milk powder, white sugar, sea salt, tahitian vanilla, 16% meadowvale dairy base-(cream, milk, cane sugar, skim milk, nonfat milk, guar gum, locust bean gum), trablit coffee extract",,,1,,,,
229049,Mandarin Goat Cheese Icecream,1.0,each,tubs,98.875,98.875,Dairy Ice Cream,Milk,"","mandarin puree, goat cheese, white sugar, madagascar vanilla 2x (bourbon vanilla), 16% meadowvale dairy base-(cream, milk, cane sugar, skim milk, nonfat milk, guar gum, locust bean gum), orange oil",,,1,,,,
286619,Mango Chamoy Icecream,2.0,each,tubs,699.067,349.534,Dairy Ice Cream,"Artificial dye, Corn, Milk","","mango puree, mango chunks (frozen), water, iodized salt, high fructose corn syrup, citric acid, xanthan gum, red peppers, modified corn starch, sodium citrate, acetic acid, sodium benzoate, fd&c red 40, fc&d yellow 6, fc&d blue 1, white sugar, 16% meadowvale dairy base-(cream, milk, cane sugar, skim milk, nonfat milk, guar gum, locust bean gum)",,,1,,,,
286636,Mango Icecream,1.0,each,tub,39.804,39.804,Dairy Ice Cream,Milk,"","mango puree, white sugar, madagascar vanilla 2x (bourbon vanilla), 16% meadowvale dairy base-(cream, milk, cane sugar, skim milk, nonfat milk, guar gum, locust bean gum)",,,1,,,,
243825,Mango Passionfruit Sorbet,1.0,each,servings,97.188,97.188,Sorbet,"","","water, passionfruit puree, mango puree, white sugar, glucose powder, ice bracer, tahitian vanilla, mexican vanilla 2x",,,1,,,,
230769,Matcha Blackberry Swirl Ice Cream,2.0,each,Tubs,15193.91,7596.955,Dairy Ice Cream,Milk,"","blackberry swirl (blackberry puree, white sugar, fruit bracer, blackberry flavor), matcha powder, citric acid solution (citric acid powder, water), 16% meadowvale dairy base-(cream, milk, cane sugar, skim milk, nonfat milk, guar gum, locust bean gum)",,,1,,,,
214996,Matcha Made In Heaven Ice Cream,1.75,each,Tubs,59.834,34.191,Dairy Ice Cream,"Gluten, Milk, Soy","","oreo pieces (unbleached flour, reduced iron, thaimine mononitrate, riboflavin, sugar, palm oil, soy bean or canola oil, invert sugar, leavining (baking soda), soy lecithin, salt, chocolate, natural flavor, matcha powder, 16% meadowvale dairy base-(cream, milk, cane sugar, skim milk, nonfat milk, guar gum, locust bean gum)",,,1,,,,
291705,Matcha Mochi,1.0,each,9x13 pan,72746.333,72746.333,"","Coconut*, Tree nuts","","matcha powder, water, rice flour, white sugar, coconut milk (water, coconut cream*, contains 1% or less of: coconut water concentrate*, gellan gum, guar gum*, natural flavor, sodium citrate, tricalcium phosphate, vitamin d2, xanthan gum. ), light corn syrup, baking powder",,,1,,,,
275081,Matcha Peafection,2.0,each,Tubs,51.959,25.98,Peafection Icecream,"Pea protein, Tree nuts","","peapal, matcha powder, water, cane sugar, coconut oil, tapioca syrup, blend (dextrose, pea protein, locust bean gum, salt, guar gum), natural vanilla flavor",,,1,,,,
262460,Matcha Strawberry Neapolitan Cookies,2.0,each,batch,20.262,10.131,"","Eggs, Gluten, Milk","","flour, white sugar, butter, large eggs, baking vanilla, salt, freeze dried strawberry powder, baking powder, freeze dried strawberry pieces, baking soda, matcha powder",,,1,,,,
231128,Meringue,1.0,qt,,0.9,0.9,"",Eggs,"","large eggs, white sugar, cream of tartar, sea salt",,,1,,,,
230432,Milk Chocolate Icecream,1.5,each,Tubs,394.147,262.764,Dairy Ice Cream,"Milk, Soy","","chocolate paste (water, white sugar, cocoa powder ('sugar, cocoa- processed with alkali, unsweetened chocolate, soy lecithin- an emulsifier, vanilla.')), mexican vanilla 2x, 16% meadowvale dairy base-(cream, milk, cane sugar, skim milk, nonfat milk, guar gum, locust bean gum)",,,1,,,,
237267,Mint Matcha Chip Icecream,1.5,each,tubs,65.105,43.404,Coconut Vegan Ice Cream,Tree nuts,"","enjoy life mini chocolate chips (cane sugar, unsweetened chocolate, cocoa butter), matcha powder, coconut cream (coconut extract, water), cane sugar, water, tapioca syrup solids, 2% or less of locust bean gum, sea salt.
, peppermint oil",,,1,,,,
230843,Mint Water,4.5,qt,,0.154,0.0343,"","","","water, mint, fresh",,,1,,,,
286289,Minter WonderLand Icecream,2.5,each,tubs,71.555,28.622,Dairy Ice Cream,"Corn, Eggs, Gluten, Milk, Soy","","brownies (white sugar, butter, large eggs, cocoa powder ('sugar, cocoa- processed with alkali, unsweetened chocolate, soy lecithin- an emulsifier, vanilla.'), flour, baking vanilla, sea salt), sugar, corn syrup, chocolate, cocoa, invert sugar, milk fat, egg whites, cocoa butter, soy lecithin (emulsifier), oil of peppermint, pgpr (emulsifier), and natural flavor., andes mints: sugar, palm kernel and palm oil, cocoa (processed with alkali), nonfat milk, lactose, milk protein concentrate, soy lecithin (an emulsifier), natural and artificial flavors, peppermint oil, colors added (yellow 5 lake, blue 1 lake). contains milk and soy., green color, 16% meadowvale dairy base-(cream, milk, cane sugar, skim milk, nonfat milk, guar gum, locust bean gum), peppermint oil",,,1,,,,
214992,Miso Maple Icecream,2.0,each,Tubs,61.757,30.879,Dairy Ice Cream,"Milk, Soy","","miso, maple syrup, madagascar vanilla 2x (bourbon vanilla), 16% meadowvale dairy base-(cream, milk, cane sugar, skim milk, nonfat milk, guar gum, locust bean gum), maple flavor (gmf)",,,1,,,,
284960,Mixed Berry Compote (for ic for bfast),1.0,g,"",79.465,79.465,"","","","strawberries, frozen, raspberries, frozen, white sugar, blackberries, frozen, blueberries, frozen, citric acid powder",,,1,,,,
244541,MMMinty Icecream,1.0,each,servings,73.907,73.907,Dairy Ice Cream,"Eggs, Gluten, Milk, Soy","","runny sauce (white sugar, cocoa powder ('sugar, cocoa- processed with alkali, unsweetened chocolate, soy lecithin- an emulsifier, vanilla.'), baking vanilla, salt, water), brownies (white sugar, butter, large eggs, cocoa powder ('sugar, cocoa- processed with alkali, unsweetened chocolate, soy lecithin- an emulsifier, vanilla.'), flour, baking vanilla, sea salt), andes mints: sugar, palm kernel and palm oil, cocoa (processed with alkali), nonfat milk, lactose, milk protein concentrate, soy lecithin (an emulsifier), natural and artificial flavors, peppermint oil, colors added (yellow 5 lake, blue 1 lake). contains milk and soy., green color, 16% meadowvale dairy base-(cream, milk, cane sugar, skim milk, nonfat milk, guar gum, locust bean gum), peppermint oil",,,1,,,,
230514,Mocha Ripple,1.0,each,servings,1.725,1.725,"","","","water, white sugar, light corn syrup, dark cocoa powder, espresso powder, baking vanilla",,,1,,,,
230244,Molasses Cookies,1.0,each,Batch,5.265,5.265,"","Eggs, Gluten, Milk","","flour, white sugar, butter, molasses, large eggs, vegetable shortening, baking soda, cinnamon (powdered), ginger, baking vanilla, salt, sugar (raw)",,,1,,,,
241291,Mulled wine,1.0,each,Batch,8.07,8.07,"","","","red wine, star anise, cinnamon sticks, oranges",,,,,,,
215074,Nectarine Sorbet,1.0,each,Tubs,40.196,40.196,"","","","nectarine puree, water, white sugar, glucose powder, ice bracer",,,1,,,,
230238,Nom nom nom cake,1.0,each,6” round,64.132,64.132,"","Artificial dye, Coconut*, Corn, Eggs, Gluten, Milk, Soy, Tree nuts, Wheat","","chocolate cake (white sugar, flour, buttermilk, water, large eggs, cocoa powder ('sugar, cocoa- processed with alkali, unsweetened chocolate, soy lecithin- an emulsifier, vanilla.'), baking vanilla, baking powder, salt, baking soda, espresso powder, canola oil), bettercreme (high fructose corn syrup, water, hydrogenated vegetable oil (palm, palm kernel, coconut and/or cottonseed), corn syrup, contains less than 2% of the following: sodium caseinate (a milk derivative), soy protein concentrate, polysorbate 60, carbohydrate gum, sugar, salt, artificial flavor, polyglycerol esters of fatty acids, to preserve freshness (potassium sorbate), xanthan gum.), mini oreos, mini chips ahoy, food coloring, oreo pieces (unbleached flour, reduced iron, thaimine mononitrate, riboflavin, sugar, palm oil, soy bean or canola oil, invert sugar, leavining (baking soda), soy lecithin, salt, chocolate, natural flavor",,,1,,,,
284904,Oat Milk Chai Icecream,1.0,each,tub,64,64,Oat Vegan Ice Cream,"","","water, organic chai concentrate",,,1,,,,
244542,OMG Sorbet,1.25,each,tubs,68.811,55.049,Sorbet,"","","water, mango puree, white sugar, glucose powder, ice bracer, ginger, orange oil",,,1,,,,
260420,Orange Blossom Icecream,2.25,each,tub,318955.185,141757.86,Dairy Ice Cream,"Eggs, Milk","","cream cheese frosting (powdered sugar, cream cheese, butter, light corn syrup, mexican vanilla 2x, sea salt), coconut macaroon (shredded coconut, condensed milk, large eggs, baking vanilla, salt), 16% meadowvale dairy base-(cream, milk, cane sugar, skim milk, nonfat milk, guar gum, locust bean gum), orange oil",,,1,,,,
275103,Orange Cranberry Swirl Icecream,1.5,each,Tubs,3883.522,2589.015,Dairy Ice Cream,Milk,"","cranberry swirl (cranberries, white sugar, red wine, salt, cinnamon (powdered)), 16% meadowvale dairy base-(cream, milk, cane sugar, skim milk, nonfat milk, guar gum, locust bean gum), orange oil",,,1,,,,
230242,Orange GingerBread Cake,1.0,g,"",8.913,8.913,"","Eggs, Gluten","","flour, molasses, white sugar, water, large eggs, wildflower honey, baking soda, ginger, salt, orange oil, cinnamon flavor, canola oil",,,1,,,,
230519,Orange Syrup,0.5,each,Batch,1.737,3.474,"","","","water, white sugar, fruit bracer, citric acid powder",,,1,,,,
230517,"Orange, juiced",1.0,qt,"",0,0,"","","","",,,1,,,,
230518,"Orange, zested",1.0,tbsp,,0,0,"","","","",,,1,,,,
242227,Oreo Pie Crust,1.0,each,servings,4.124,4.124,"","Gluten, Milk, Soy","","oreo pieces (unbleached flour, reduced iron, thaimine mononitrate, riboflavin, sugar, palm oil, soy bean or canola oil, invert sugar, leavining (baking soda), soy lecithin, salt, chocolate, natural flavor, butter",,,1,,,,
275088,Paloma Sorbet,1.5,each,Tubs,76.82,51.213,Sorbet,"","","water, grapefruit puree, white sugar, glucose, ice bracer, orange oil, mezcal",,,1,,,,
248639,Passionfruit Cashew Nut Brittle Ice Cream,2.25,each,tubs,82.7,36.756,Dairy Ice Cream,"Milk, Tree nuts","","passionfruit puree, cashew brittle (cashew, white sugar, light corn syrup, butter, water, baking soda, sea salt), white sugar, 16% meadowvale dairy base-(cream, milk, cane sugar, skim milk, nonfat milk, guar gum, locust bean gum)",,,1,,,,
286290,Peach Cobbler Icrecream,2.0,each,tubs,102615.936,51307.968,Dairy Ice Cream,"Gluten, Milk","","cinnamon crisp (white sugar, flour, butter, light brown sugar, baking vanilla, sea salt, cinnamon (powdered)), peach, sugar, pectin, roasted peaches (peaches, light brown sugar), buttermilk powder- sweet cream churned buttermilk, sweet dairy whey, lactic acid, madagascar vanilla 2x (bourbon vanilla), 16% meadowvale dairy base-(cream, milk, cane sugar, skim milk, nonfat milk, guar gum, locust bean gum), peach flavor gmf",,,1,,,,
239650,Peanut brittle,620.0,g,Grams (chopped),2.289,0.00369,"","Milk, Peanuts","","honey roasted peanuts, white sugar, light corn syrup, butter, water, baking soda, sea salt",,,1,,,,
286291,Pear Cardamom Walnut Streusel Icecream,2.5,each,tubs,242.386,96.954,Dairy Ice Cream,Milk,"","white sugar, dried pears, indonesian vanilla extract 2x, cardamom (powdered), 16% meadowvale dairy base-(cream, milk, cane sugar, skim milk, nonfat milk, guar gum, locust bean gum), pear puree",,,1,,,,
286293,Pear Hazelnut Icecream,2.0,each,tubs,8412.22,4206.11,Dairy Ice Cream,"Milk, Tree nuts","","hazelnut praline (white sugar, hazelnuts, salt), fabbri hazelnut spread, white sugar, dried pears, indonesian vanilla extract 2x, 16% meadowvale dairy base-(cream, milk, cane sugar, skim milk, nonfat milk, guar gum, locust bean gum), pear puree",,,1,,,,
241287,Peppermint Bark,1.0,each,Serving,13.364,13.364,"","Milk, Soy","","chocolate callets (unsweetened chocolate; sugar; cocoa butter; lecithin (soy); natural vanilla flavor; milk), white chocolate, peppermint candy, peppermint oil, canola oil",,,1,,,,
283945,Peppermint Bark Icecream,2.0,each,tubs,20781.496,10390.748,Dairy Ice Cream,"Milk, Soy","","peppermint bark (chocolate callets (unsweetened chocolate; sugar; cocoa butter; lecithin (soy); natural vanilla flavor; milk), white chocolate, peppermint candy, peppermint oil, canola oil), beet powder, 16% meadowvale dairy base-(cream, milk, cane sugar, skim milk, nonfat milk, guar gum, locust bean gum), peppermint oil",,,1,,,,
230250,Peppermint hot cocoa cookies,1.0,each,Batch,4.432,4.432,"","Milk, Soy","","mini chocolate chips (sugar; unsweetened chocolate; cocoa butter; soy lecithin; natural vanilla extract), dehydrated mini mallows",,,1,,,,
286294,Pickle Icecream,1.5,each,tubs,108.979,72.653,Dairy Ice Cream,Milk,"","cucumber, white sugar, green color, 16% meadowvale dairy base-(cream, milk, cane sugar, skim milk, nonfat milk, guar gum, locust bean gum), pickles",,,1,,,,
286295,pickles juiced,1.0,g,"",0,0,"","","","",,,1,,,,
230068,Pie crust,1.0,each,Crust,2.509,2.509,"","Gluten, Milk","","water, butter, flour, salt, white sugar",,,1,,,,
230495,Pineapple Curd,1.0,each,servings,2.778,2.778,"","Eggs, Milk","","large eggs, white sugar, butter, cornstarch, salt, pineapple gmf",,,1,,,,
230496,"Pineapple, juiced",3.0,cup,,0,0,"","","","",,,1,,,,
275094,Pink Velvet Cake Icecream,2.0,each,Tubs,21430.106,10715.053,Dairy Ice Cream,"Eggs, Gluten, Milk, Soy","","cream cheese frosting (powdered sugar, cream cheese, butter, light corn syrup, mexican vanilla 2x, sea salt), chocolate cake (white sugar, flour, buttermilk, water, large eggs, cocoa powder ('sugar, cocoa- processed with alkali, unsweetened chocolate, soy lecithin- an emulsifier, vanilla.'), baking vanilla, baking powder, salt, baking soda, espresso powder, canola oil), chocolate paste (water, white sugar, cocoa powder ('sugar, cocoa- processed with alkali, unsweetened chocolate, soy lecithin- an emulsifier, vanilla.')), sourcream, white sugar, beet powder, gmf cake batter flavor, 16% meadowvale dairy base-(cream, milk, cane sugar, skim milk, nonfat milk, guar gum, locust bean gum)",,,1,,,,
240201,Pistachio Rose Bark,1.0,g,"",34.483,34.483,"","Milk, Soy, Tree nuts","","white chocolate, pistachios, organic rose petals, rose extract",,,1,,,,
287313,Pistachio Rose Bark Icecream,2.5,each,tubs,56699.556,22679.822,Dairy Ice Cream,"Milk, Soy, Tree nuts","","pistachio rose bark (white chocolate, pistachios, organic rose petals, rose extract), green color, pistachio gmf, 16% meadowvale dairy base-(cream, milk, cane sugar, skim milk, nonfat milk, guar gum, locust bean gum)",,,1,,,,
292869,Plain Chocolate Icecream,1.5,each,tubs,10908.794,7272.529,Dairy Ice Cream,"Milk, Soy","","chocolate paste (water, white sugar, cocoa powder ('sugar, cocoa- processed with alkali, unsweetened chocolate, soy lecithin- an emulsifier, vanilla.')), chocolate flavor, indonesian vanilla extract 2x, 16% meadowvale dairy base-(cream, milk, cane sugar, skim milk, nonfat milk, guar gum, locust bean gum), trablit coffee extract",,,1,,,,
230433,Plain Pistachio Icecream,1.0,each,Tubs,33.098,33.098,Dairy Ice Cream,"Milk, Tree nuts","","pistachios, green color, pistachio gmf, 16% meadowvale dairy base-(cream, milk, cane sugar, skim milk, nonfat milk, guar gum, locust bean gum)",,,1,,,,
286638,Plain Strawberry Icecream,1.0,each,tub,136013.358,136013.358,Dairy Ice Cream,Milk,"","strawberry paste, strawberry puree, white sugar, tahitian vanilla, 16% meadowvale dairy base-(cream, milk, cane sugar, skim milk, nonfat milk, guar gum, locust bean gum)",,,1,,,,
275110,Plumped Raisins,4.0,lb,"",6.095,1.524,"","","","white sugar, water, raisins, cinnamon (powdered), oranges",,,1,,,,
286361,pluots (roasted),1.0,g,"",0,0,"","","","",,,1,,,,
275112,Pot o gold icecream,2.0,each,Tubs ,26131.018,13065.509,Dairy Ice Cream,"Gluten, Milk, Soy, Wheat","","golden oreo cookie butter (ingredients: unbleached enriched flour (wheat flour, niacin, reduced iron, thiamine mononitrate [vitamin b1], riboflavin [vitamin b2], folic acid), sugar, soybean and/or canola oil, palm oil, high fructose corn syrup, salt, baking soda, soy lecithin, natural and artificial flavor.contains: wheat, soy., milk, whole, baking vanilla, canola oil), rainbow sprinkles, green color, madagascar vanilla 2x (bourbon vanilla), 16% meadowvale dairy base-(cream, milk, cane sugar, skim milk, nonfat milk, guar gum, locust bean gum)",,,1,,,,
286364,Prickly Pear Sorbet,1.5,each,tubs,2530.549,1687.032,"","","","water, prickly pear puree, white sugar, blood orange puree, glucose powder, ice bracer, citric acid powder",,,1,,,,
230253,Pumpkin Cake,1.0,each,Batch,60.531,60.531,"","Eggs, Gluten, Milk","","pumpkin puree, flour, white sugar, large eggs, butter, light brown sugar, pumpkin pie spice mix (cinnamon (powdered), nutmeg, ginger, all spice, cloves), baking powder, baking soda, salt, canola oil, vanilla bean paste",,,1,,,,
275107,Pumpkin CheeseCake Icecream,3.0,each,Tubs,26203.772,8734.591,Dairy Ice Cream,"Eggs, Gluten, Milk, Soy","","cheesecake (cream cheese, white sugar, large eggs, milk, whole, sourcream, cornstarch, baking vanilla, salt), pumpkin puree, graham cracker, dark brown sugar, pumpkin pie spice mix (cinnamon (powdered), nutmeg, ginger, all spice, cloves), madagascar vanilla 2x (bourbon vanilla), 16% meadowvale dairy base-(cream, milk, cane sugar, skim milk, nonfat milk, guar gum, locust bean gum), pumpkin gmf",,,1,,,,
275106,Pumpkin Pie Icecream,2.0,each,Tubs,102.484,51.242,Dairy Ice Cream,Milk,"","pumpkin puree, dark brown sugar, pumpkin pie spice mix (cinnamon (powdered), nutmeg, ginger, all spice, cloves), madagascar vanilla 2x (bourbon vanilla), 16% meadowvale dairy base-(cream, milk, cane sugar, skim milk, nonfat milk, guar gum, locust bean gum), pumpkin gmf",,,1,,,,
230252,Pumpkin pie spice mix,1.0,g,"",1.67,1.67,"","","","cinnamon (powdered), nutmeg, ginger, all spice, cloves",,,1,,,,
275108,Pumpkin tiramisu Icecream,3.25,each,Tubs,1831.574,563.561,Dairy Ice Cream,"Eggs, Gluten, Milk, Wheat","","pumpkin puree, coffee syrup (water, white sugar, trablit coffee extract), mascarpone, lady fingers, mocha ripple (water, white sugar, light corn syrup, dark cocoa powder, espresso powder, baking vanilla), dark brown sugar, white sugar, 16% meadowvale dairy base-(cream, milk, cane sugar, skim milk, nonfat milk, guar gum, locust bean gum), marsala wine, pumpkin gmf",,,1,,,,
231127,Pupsicles,1.0,each,servings,11.389,11.389,"","Milk, Peanuts","","greek yogurt, pumpkin puree, peanut butter, maple syrup",,,1,,,,
286362,Purple Pluot Sorbet,1.5,each,tubs,23.214,15.476,Sorbet,"","","water, pluot (red), white sugar, glucose powder, ice bracer, rose water, madagascar vanilla 2x (bourbon vanilla), citric acid powder",,,1,,,,
243823,Raspberry,1.0,each,servings,74.334,74.334,Dairy Ice Cream,Milk,"","raspberry puree, white sugar, tahitian vanilla, 16% meadowvale dairy base-(cream, milk, cane sugar, skim milk, nonfat milk, guar gum, locust bean gum)",,,1,,,,
229046,Raspberry Lime Rickey,2.0,each,tubs,85.695,42.847,"","","","water, lime puree, raspberry puree, white sugar, glucose powder, ice bracer",,,1,,,,
290864,Raspberry Rose Truffle Icecream,2.0,each,tubs,12222.878,6111.439,Dairy Ice Cream,"Milk, Soy","","chocolate truffles (chocolate callets (unsweetened chocolate; sugar; cocoa butter; lecithin (soy); natural vanilla flavor; milk), heavy cream, light corn syrup, trablit coffee extract), raspberry puree, white sugar, rose water, 16% meadowvale dairy base-(cream, milk, cane sugar, skim milk, nonfat milk, guar gum, locust bean gum), rose truffles (rose extract)",,,1,,,,
230497,Raspberry Swirl,1.0,each,servings,15.818,15.818,"","","","raspberry puree, white sugar, water, fruit bracer, raspberry gmf, citric acid powder",,,1,,,,
275087,Red Berry Sorbet,1.5,each,Tubs,46.473,30.982,Sorbet,"","","water, white sugar, red currant puree, cherry puree, raspberry puree, glucose, ice bracer, citric acid powder",,,1,,,,
248633,Rhubarb Crisp Icecream,1.5,each,tubs,143353.451,95568.968,Dairy Ice Cream,"Gluten, Milk","","cinnamon crisp (white sugar, flour, butter, light brown sugar, baking vanilla, sea salt, cinnamon (powdered)), roasted rhubarb (rhubarb, cut and washed, light brown sugar, white vinegar), rhubarb puree, white sugar, 16% meadowvale dairy base-(cream, milk, cane sugar, skim milk, nonfat milk, guar gum, locust bean gum), bourbon whiskey flavor (gmf)",,,1,,,,
262468,Ritz Cracker Crumble,1.0,each,batch,0.805,0.805,"","Gluten, Milk, Wheat","","ritz crackers, butter, light brown sugar, wildflower honey, baking vanilla, salt",,,1,,,,
231115,Roasted Apples,1.0,each,servings,0.155,0.155,"","","","water, white sugar, cinnamon (powdered)",,,1,,,,
287734,Roasted Bananas,1.0,g,"",0.694,0.694,"",Milk,"","bananas, light brown sugar, butter",,,1,,,,
231112,Roasted Carrots,250.0,g,"",0.647,0.00259,"",Milk,"","carrots, chopped and peeled, butter, light brown sugar, cinnamon (powdered)",,,1,,,,
239648,Roasted cherries,1.0,each,servings,1.357,1.357,"","","","cherries, for wine, white sugar, cornstarch",,,1,,,,
231107,Roasted Maple Walnuts,750.0,g,"",14.56,0.0194,"",Tree nuts,"","walnuts, maple syrup, salt",,,1,,,,
231117,Roasted Peaches,1.0,each,servings,1.59,1.59,"","","","peaches, light brown sugar",,,1,,,,
231116,Roasted Rhubarb,1.0,g,"",6.84,6.84,"","","","rhubarb, cut and washed, light brown sugar, white vinegar",,,1,,,,
231114,Roasted Strawberries,1500.0,g,single batch,8.287,0.00552,"","","","strawberries, frozen, white sugar",,,1,,,,
231119,Roasted Sweet Potatoes,1.0,each,servings,0,0,"","","","",,,1,,,,
231124,Rose Truffles,1.0,g,"",11.847,11.847,"","Milk, Soy","","chocolate truffles (chocolate callets (unsweetened chocolate; sugar; cocoa butter; lecithin (soy); natural vanilla flavor; milk), heavy cream, light corn syrup, trablit coffee extract), rose extract",,,1,,,,
230240,Rugelach dough,1.0,each,Batch,4.465,4.465,"","Gluten, Milk","","flour, butter, cream cheese, salt",,,1,,,,
230436,Rugelach Icecream,2.0,each,Tubs,62.982,31.491,Dairy Ice Cream,"Gluten, Milk, Tree nuts","","cream cheese, wet cinnamon walnuts (light corn syrup, water, white sugar, walnuts, baking vanilla, cinnamon (powdered)), rugelach dough (flour, butter, cream cheese, salt), apricot jam, white sugar, madagascar vanilla 2x (bourbon vanilla), 16% meadowvale dairy base-(cream, milk, cane sugar, skim milk, nonfat milk, guar gum, locust bean gum)",,,1,,,,
230258,Runny Sauce,4280.0,g,,18.073,0.00422,"",Soy,"","white sugar, cocoa powder ('sugar, cocoa- processed with alkali, unsweetened chocolate, soy lecithin- an emulsifier, vanilla.'), baking vanilla, salt, water",,,1,,,,
231126,Salted Caramel Ganache,1.0,each,servings,12.332,12.332,"","Milk, Soy","","chocolate callets (unsweetened chocolate; sugar; cocoa butter; lecithin (soy); natural vanilla flavor; milk), heavy cream, light corn syrup, salt, trablit coffee extract",,,1,,,,
248642,Salted Caramel Swirl (V) Ice Cream,1.5,each,tubs,72.11,48.073,Coconut Vegan Ice Cream,Tree nuts,"","organic tapioca syrup, organic cane sugar, organic white rice syrup, organic starch, natural flavors, pectin, salt, caramel color, annatto color , light brown sugar, gmf caramel flavor, salt, madagascar vanilla 2x (bourbon vanilla), gmf caramel color, annatto extract, coconut cream (coconut extract, water), cane sugar, water, tapioca syrup solids, 2% or less of locust bean gum, sea salt.
",,,1,,,,
262452,Salted Choco Chunk Cookies,25.0,each,cookies,10.552,0.422,"","Eggs, Gluten, Milk, Soy","","chocolate callets (unsweetened chocolate; sugar; cocoa butter; lecithin (soy); natural vanilla flavor; milk), flour, light brown sugar, butter, large eggs, white sugar, sea salt, baking vanilla, salt, baking soda, baking powder",,,1,,,,
286285,Salted Sage Pecan Icecream,1.5,each,tubs,41.38,27.587,Dairy Ice Cream,"Milk, Tree nuts","","pecans, sage gmf, sea salt, 16% meadowvale dairy base-(cream, milk, cane sugar, skim milk, nonfat milk, guar gum, locust bean gum)",,,1,,,,
275116,Santa’s little helper icecream,2.25,each,Tubs,66.279,29.457,Dairy Ice Cream,"Artificial dye, Eggs, Gluten, Milk, Soy, Wheat","","sugar cookies (flour, white sugar, butter, large eggs, rainbow sprinkles, light brown sugar, baking soda, baking vanilla, salt), edible sugar cookie dough (heat treated flour, butter, white sugar, sanding sugar, cream of tartar, cornstarch, baking vanilla, salt, baking soda, baking powder), oreo pieces (unbleached flour, reduced iron, thaimine mononitrate, riboflavin, sugar, palm oil, soy bean or canola oil, invert sugar, leavining (baking soda), soy lecithin, salt, chocolate, natural flavor, red sprinkles, green sprinkles, green color, madagascar vanilla 2x (bourbon vanilla), 16% meadowvale dairy base-(cream, milk, cane sugar, skim milk, nonfat milk, guar gum, locust bean gum)",,,1,,,,
229136,Sea Buckthorn Sorbet,1.0,each,tubs,58.797,58.797,"","","","water, sea buckthorn puree, white sugar, mango puree, glucose powder, ice bracer",,,1,,,,
230070,Shortbread,361.87,g,"",2.132,0.00589,"","Gluten, Milk","","flour, butter, powdered sugar, salt, baking vanilla",,,1,,,,
242223,Silky Ganache,1.0,each,servings,5.854,5.854,"","Milk, Soy","","chocolate callets (unsweetened chocolate; sugar; cocoa butter; lecithin (soy); natural vanilla flavor; milk), heavy cream, butter, light corn syrup",,,1,,,,
230225,Snickerdoodle cookie,1.0,g,"",5.257,5.257,"","Eggs, Gluten, Milk","","flour, white sugar, butter, large eggs, baking vanilla, cream of tartar, cinnamon (powdered), baking soda, salt",,,1,,,,
286371,Sorbet De' Normandie,1.5,each,tubs,70.126,46.751,Sorbet,"","","water, blackberry puree, white sugar, lemon puree, glucose powder, basil, ice bracer",,,1,,,,
286370,Soursop Sorbet,1.5,each,tubs,3009.709,2006.473,Sorbet,"","","soursop puree, water, white sugar, glucose, ice bracer, lemon oil",,,1,,,,
229612,Specialty sugar cookies,1.0,g,"",3.557,3.557,"","Eggs, Gluten, Milk, Tree nuts","","flour, butter, white sugar, large eggs, baking vanilla, salt, baking powder, almond extract",,,1,,,,
230434,Spumoni Ice Cream,3.0,each,Tubs,5894.74,1964.913,Dairy Ice Cream,"Milk, Soy, Tree nuts","","chocolate paste (water, white sugar, cocoa powder ('sugar, cocoa- processed with alkali, unsweetened chocolate, soy lecithin- an emulsifier, vanilla.')), cherry icecream (cherry puree, amarena cherries, white sugar, tahitian vanilla, 16% meadowvale dairy base-(cream, milk, cane sugar, skim milk, nonfat milk, guar gum, locust bean gum)), cherry puree, pistachios, pie cherries, plain pistachio icecream (pistachios, green color, pistachio gmf, 16% meadowvale dairy base-(cream, milk, cane sugar, skim milk, nonfat milk, guar gum, locust bean gum)), white sugar, green color, milk chocolate icecream (mexican vanilla 2x, 16% meadowvale dairy base-(cream, milk, cane sugar, skim milk, nonfat milk, guar gum, locust bean gum)), chocolate flavor, tahitian vanilla, pistachio gmf, 16% meadowvale dairy base-(cream, milk, cane sugar, skim milk, nonfat milk, guar gum, locust bean gum), trablit coffee extract",,,1,,,,
248636,Strawberry Balsamic Ice Cream,2.75,each,tubs,58.404,21.238,Dairy Ice Cream,Milk,"","roasted strawberries (strawberries, frozen, white sugar), sourcream, white sugar, 16% meadowvale dairy base-(cream, milk, cane sugar, skim milk, nonfat milk, guar gum, locust bean gum), grapes, wine vinegar, fig juice, naturally accruing sulfites",,,1,,,,
248539,Strawberry Hibiscus Sorbet,2.0,each,tubs,53.942,26.971,Sorbet,"","","water, white sugar, strawberry puree, hibiscus syrup (water, white sugar, hibiscus), strawberry paste, fruit bracer",,,1,,,,
228851,Strawberry Lemonade Sorbet,1.0,each,tubs,64.483,64.483,"","","","water, strawberry puree, white sugar, lemon puree, glucose powder, ice bracer",,,1,,,,
228848,Strawberry Sorbet,1.0,each,tubs,66.778,66.778,Sorbet,"","","water, strawberry puree, white sugar, glucose powder, ice bracer, citric acid powder, tahitian vanilla",,,1,,,,
248644,Sugar Baby Ice Cream,2.0,each,tubs,3329.595,1664.798,Dairy Ice Cream,"Eggs, Gluten, Milk, Soy, Tree nuts, Wheat","","edible sugar cookie dough (heat treated flour, butter, white sugar, sanding sugar, cream of tartar, cornstarch, baking vanilla, salt, baking soda, baking powder), specialty sugar cookies (flour, butter, white sugar, large eggs, baking vanilla, salt, baking powder, almond extract), oreo pieces (unbleached flour, reduced iron, thaimine mononitrate, riboflavin, sugar, palm oil, soy bean or canola oil, invert sugar, leavining (baking soda), soy lecithin, salt, chocolate, natural flavor, red sprinkles, pink sprinkle, madagascar vanilla 2x (bourbon vanilla), 16% meadowvale dairy base-(cream, milk, cane sugar, skim milk, nonfat milk, guar gum, locust bean gum)",,,1,,,,
229599,Sugar Cookies,1020.0,g,chopped,5.333,0.00523,"","Eggs, Gluten, Milk","","flour, white sugar, butter, large eggs, rainbow sprinkles, light brown sugar, baking soda, baking vanilla, salt",,,1,,,,
286406,Sugar Plum (dairy) Icecream,1.5,each,tubs,1002244.439,668162.959,Dairy Ice Cream,Milk,"","purple carrot extract, honey flavor (gmf), madagascar vanilla 2x (bourbon vanilla), 16% meadowvale dairy base-(cream, milk, cane sugar, skim milk, nonfat milk, guar gum, locust bean gum)",,,1,,,,
242220,Sugared cranberries,1.0,g,"",0.838,0.838,"","","","white sugar, water, cranberries",,,1,,,,
286369,Super Sorbet,3.0,each,tubs,2129.569,709.856,Sorbet,"","","strawberry sorbet (water, strawberry puree, white sugar, glucose powder, ice bracer, citric acid powder, tahitian vanilla), blueberry sorbet (water, blueberry puree, white sugar, glucose powder, ice bracer, citric acid powder, madagascar vanilla 2x (bourbon vanilla)), lemon sorbet (water, lemon puree, white sugar, glucose, ice bracer, orange oil)",,,1,,,,
286296,Sweet Cream Icecream,1.5,each,tubs,38.705,25.803,Dairy Ice Cream,Milk,"","16% meadowvale dairy base-(cream, milk, cane sugar, skim milk, nonfat milk, guar gum, locust bean gum)",,,1,,,,
276613,Sweet Potato Pie Icecream,2.5,each,Tubs,66.941,26.776,Dairy Ice Cream,"Gluten, Milk, Soy","","graham cracker, light brown sugar, mini marshmallows, madagascar vanilla 2x (bourbon vanilla), cinnamon (powdered), 16% meadowvale dairy base-(cream, milk, cane sugar, skim milk, nonfat milk, guar gum, locust bean gum)",,,1,,,,
287737,Swiss Roll (yule log),2.0,each,logs,3.226,1.613,"","Eggs, Gluten, Soy","","large eggs, white sugar, flour, cocoa powder ('sugar, cocoa- processed with alkali, unsweetened chocolate, soy lecithin- an emulsifier, vanilla.'), baking vanilla, baking powder, salt, canola oil",,,1,,,,
236495,"Tall, Dark, and Spicy",1.0,each,tubs,12724.412,12724.412,Dairy Ice Cream,"Milk, Soy","","chocolate paste (water, white sugar, cocoa powder ('sugar, cocoa- processed with alkali, unsweetened chocolate, soy lecithin- an emulsifier, vanilla.')), cinnamon (powdered), chipotle chile, madagascar vanilla 2x (bourbon vanilla), espresso powder, 16% meadowvale dairy base-(cream, milk, cane sugar, skim milk, nonfat milk, guar gum, locust bean gum)",,,1,,,,
248635,Tastes Great Together Icecream,2.3,each,tubs,19837.42,8624.965,Dairy Ice Cream,"Gluten, Milk, Peanuts, Soy, Tree nuts, Wheat","","edible cinnamon sugar cookie dough (light brown sugar, heat treated flour, butter, milk, whole, baking vanilla, cinnamon (powdered), salt), chocolate paste (water, white sugar, cocoa powder ('sugar, cocoa- processed with alkali, unsweetened chocolate, soy lecithin- an emulsifier, vanilla.')), peanut butter sauce, nutter butter, buckeyes (chocolate chips-large (sugar, unsweetened chocolate, cocoa butter, whole milk powder, soy
lecithin, vanilla extract), peanut butter, powdered sugar, sea salt, coconut oil), mexican vanilla 2x, 16% meadowvale dairy base-(cream, milk, cane sugar, skim milk, nonfat milk, guar gum, locust bean gum)",,,1,,,,
286297,The Chaperone Icecream,2.0,each,tub,9692.234,4846.117,Dairy Ice Cream,"Corn, Eggs, Milk, Soy, Tree nuts","","chocolate paste (water, white sugar, cocoa powder ('sugar, cocoa- processed with alkali, unsweetened chocolate, soy lecithin- an emulsifier, vanilla.')), milk chocolate (sugar, cocoa butter, chocolate, skim milk, lactose, milkfat, soy lecithin), peanuts, corn syrup, sugar, palm oil, skim milk, lactose, salt, egg whites, artificial flavor., mexican vanilla 2x, 16% meadowvale dairy base-(cream, milk, cane sugar, skim milk, nonfat milk, guar gum, locust bean gum), bourbon whiskey flavor (gmf)",,,1,,,,
284284,Thyme piecrust,1.0,g,"",2.885,2.885,"","Gluten, Milk","","flour, butter, water, white sugar, thyme, salt",,,1,,,,
229048,Tres Citrus Sorbet,1.0,each,tubs,105.775,105.775,"","","","water, white sugar, grapefruit puree, lemon puree, blood orange puree, glucose powder, lime puree, ice bracer, orange blossom water, orange oil",,,1,,,,
275082,Tuxedo Icecream (Oatrageous),1.0,each,Tubs,12857.033,12857.033,Oat Vegan Ice Cream,"Coconut*, Soy, Tree nuts","","vegan fudge (plant-based oil blend from canola, coconut and sunflower oils, water, sunflower lecithin, faba bean protein, citric acid, natural flavor, glucose, beta carotene (color)., soy milk, light corn syrup, vegan chocolate chips, maple syrup, cocoa powder ('sugar, cocoa- processed with alkali, unsweetened chocolate, soy lecithin- an emulsifier, vanilla.'), baking vanilla, salt), vegan white chocolate chips, cane sugar, glucose, maltodextrin, coconut oil, palm oil, potato protein, oat flour,  salt, less than 1% of the following: cellulose gum, xanthan gum, modified food starch, calcium phosphate, mono and di-glycercides, potassium phosphate, soy lecithin, silicon dioxide. allergens: soy, white sugar, cocoa powder ('sugar, cocoa- processed with alkali, unsweetened chocolate, soy lecithin- an emulsifier, vanilla.'), espresso powder, chocolate flavor, indonesian vanilla extract 2x, trablit coffee extract",,,1,,,,
276618,Unicorn icecream,2.75,each,Tubs,33548.99,12199.633,Dairy Ice Cream,"Corn, Eggs, Milk, Soy","","blueberry jam (blueberries, frozen, white sugar, cinnamon (powdered)), strawberry puree, jett puff creme (corn syrup, sugar, water, dried egg whites, cream of tartar, xanthan gum, artificial and natural flavor), white choco covered fruity cereal (fruity cereal, white chocolate), white sugar, 16% meadowvale dairy base-(cream, milk, cane sugar, skim milk, nonfat milk, guar gum, locust bean gum)",,,1,,,,
291704,V/GF apple cider donuts,1.0,g,"",88.827,88.827,"",Coconut*,"","plant-based oil blend from canola, coconut and sunflower oils, water, sunflower lecithin, faba bean protein, citric acid, natural flavor, glucose, beta carotene (color)., bobs redmill gluten free flour: sweet white rice flour, whole grain brown rice flour, potato starch, whole grain sorghum flour, tapioca flour, xantham gum) heat-treated, brown sugar, white sugar, tree top applesauce (apples, water, vitamin c), light brown sugar, cinnamon (powdered), baking powder, baking vanilla, salt, ginger, nutmeg, cardamom (powdered), apple cider, water, organic oats, organic sunflower oil, salt, potassium corbonate ",,,1,,,,
284903,V/GF Apple Spiced Granola Icecream,1.0,each,tub,7190.17,7190.17,Oat Vegan Ice Cream,"Coconut*, Soy, Tree nuts","","v/gf granola (plant-based oil blend from canola, coconut and sunflower oils, water, sunflower lecithin, faba bean protein, citric acid, natural flavor, glucose, beta carotene (color)., gluten free rolled oats, light brown sugar, maple syrup, dried apples, salt, cinnamon (powdered)), water, cane sugar, glucose, maltodextrin, coconut oil, palm oil, potato protein, oat flour,  salt, less than 1% of the following: cellulose gum, xanthan gum, modified food starch, calcium phosphate, mono and di-glycercides, potassium phosphate, soy lecithin, silicon dioxide. allergens: soy, indonesian vanilla extract 2x, cinnamon (powdered), apple cider, cinnamon flavor",,,1,,,,
242289,V/Gf Blondies,1.0,g,"",4.82,4.82,"",Coconut*,"","plant-based oil blend from canola, coconut and sunflower oils, water, sunflower lecithin, faba bean protein, citric acid, natural flavor, glucose, beta carotene (color)., bobs redmill gluten free flour: sweet white rice flour, whole grain brown rice flour, potato starch, whole grain sorghum flour, tapioca flour, xantham gum) heat-treated, brown sugar, vegan white chocolate chips, light brown sugar, white sugar, water, maple syrup, potato starch, tapioca flour, baking soda, psyllium husk, baking soda, baking vanilla, salt",,,1,,,,
283628,V/gf Blue Moon (Peafection),1.5,each,tubs,602.5,401.667,Peafection Icecream,"Pea protein, Tree nuts","","vegan white choco fruity pebbles (fruity cereal, vegan white chocolate chips), blue moon flavor, peapal, spirulina powder, water, cane sugar, coconut oil, tapioca syrup, blend (dextrose, pea protein, locust bean gum, salt, guar gum), natural vanilla flavor",,,1,,,,
291703,V/GF Brookie Icecream,2.0,each,tubs,9445.403,4722.701,Coconut Vegan Ice Cream,"Coconut*, Soy, Tree nuts","","v/gf brownies (plant-based oil blend from canola, coconut and sunflower oils, water, sunflower lecithin, faba bean protein, citric acid, natural flavor, glucose, beta carotene (color)., white sugar, bobs redmill gluten free flour: sweet white rice flour, whole grain brown rice flour, potato starch, whole grain sorghum flour, tapioca flour, xantham gum) heat-treated, brown sugar, vegan chocolate chips, water, cocoa powder ('sugar, cocoa- processed with alkali, unsweetened chocolate, soy lecithin- an emulsifier, vanilla.'), potato starch, tapioca flour, baking soda, psyllium husk, baking vanilla, salt), v/gf chocolate chip cookies (bobs redmill gluten free flour: sweet white rice flour, whole grain brown rice flour, potato starch, whole grain sorghum flour, tapioca flour, xantham gum) heat-treated, brown sugar, vegan chocolate chips, water, white sugar, dark brown sugar, baking soda, baking vanilla, baking powder, sea salt, canola oil), gmf cake batter flavor, coconut cream (coconut extract, water), cane sugar, water, tapioca syrup solids, 2% or less of locust bean gum, sea salt.
",,,1,,,,
283946,V/GF Brownie Batter Up (Peafection),2.0,each,tubs,8792.169,4396.084,Peafection Icecream,"Coconut*, Pea protein, Soy, Tree nuts","","v/gf brownies (plant-based oil blend from canola, coconut and sunflower oils, water, sunflower lecithin, faba bean protein, citric acid, natural flavor, glucose, beta carotene (color)., white sugar, bobs redmill gluten free flour: sweet white rice flour, whole grain brown rice flour, potato starch, whole grain sorghum flour, tapioca flour, xantham gum) heat-treated, brown sugar, vegan chocolate chips, water, cocoa powder ('sugar, cocoa- processed with alkali, unsweetened chocolate, soy lecithin- an emulsifier, vanilla.'), potato starch, tapioca flour, baking soda, psyllium husk, baking vanilla, salt), cocoa powder ('sugar, cocoa- processed with alkali, unsweetened chocolate, soy lecithin- an emulsifier, vanilla.'), white sugar, chocolate flavor, peapal, gmf cake batter flavor, water, cane sugar, coconut oil, tapioca syrup, blend (dextrose, pea protein, locust bean gum, salt, guar gum), natural vanilla flavor",,,1,,,,
242291,V/Gf Brownies,1.0,g,"",8.729,8.729,"","Coconut*, Soy","","plant-based oil blend from canola, coconut and sunflower oils, water, sunflower lecithin, faba bean protein, citric acid, natural flavor, glucose, beta carotene (color)., white sugar, bobs redmill gluten free flour: sweet white rice flour, whole grain brown rice flour, potato starch, whole grain sorghum flour, tapioca flour, xantham gum) heat-treated, brown sugar, vegan chocolate chips, water, cocoa powder ('sugar, cocoa- processed with alkali, unsweetened chocolate, soy lecithin- an emulsifier, vanilla.'), potato starch, tapioca flour, baking soda, psyllium husk, baking vanilla, salt",,,1,,,,
262444,V/GF Chocolate Cake,925.0,g,batter,4.794,0.00518,"","Coconut*, Soy, Tree nuts","","coconut milk (water, coconut cream*, contains 1% or less of: coconut water concentrate*, gellan gum, guar gum*, natural flavor, sodium citrate, tricalcium phosphate, vitamin d2, xanthan gum. ), bobs redmill gluten free flour: sweet white rice flour, whole grain brown rice flour, potato starch, whole grain sorghum flour, tapioca flour, xantham gum) heat-treated, brown sugar, white sugar, light corn syrup, cocoa powder ('sugar, cocoa- processed with alkali, unsweetened chocolate, soy lecithin- an emulsifier, vanilla.'), baking powder, salt, baking soda, white vinegar, canola oil",,,1,,,,
242292,V/GF Chocolate Chip Cookies,1.0,g,"",3.791,3.791,"","","","bobs redmill gluten free flour: sweet white rice flour, whole grain brown rice flour, potato starch, whole grain sorghum flour, tapioca flour, xantham gum) heat-treated, brown sugar, vegan chocolate chips, water, white sugar, dark brown sugar, baking soda, baking vanilla, baking powder, sea salt, canola oil",,,1,,,,
284905,V/GF Coffee Caramel Brownie Icecream,1.0,each,tub,12242.881,12242.881,Oat Vegan Ice Cream,"Coconut*, Soy, Tree nuts","","v/gf brownies (plant-based oil blend from canola, coconut and sunflower oils, water, sunflower lecithin, faba bean protein, citric acid, natural flavor, glucose, beta carotene (color)., white sugar, bobs redmill gluten free flour: sweet white rice flour, whole grain brown rice flour, potato starch, whole grain sorghum flour, tapioca flour, xantham gum) heat-treated, brown sugar, vegan chocolate chips, water, cocoa powder ('sugar, cocoa- processed with alkali, unsweetened chocolate, soy lecithin- an emulsifier, vanilla.'), potato starch, tapioca flour, baking soda, psyllium husk, baking vanilla, salt), water, organic tapioca syrup, organic cane sugar, organic white rice syrup, organic starch, natural flavors, pectin, salt, caramel color, annatto color , cane sugar, glucose, maltodextrin, coconut oil, palm oil, potato protein, oat flour,  salt, less than 1% of the following: cellulose gum, xanthan gum, modified food starch, calcium phosphate, mono and di-glycercides, potassium phosphate, soy lecithin, silicon dioxide. allergens: soy, espresso powder, indonesian vanilla extract 2x, dark cocoa powder, trablit coffee extract",,,1,,,,
260421,V/gf Cookie Monster Icecream,1.0,each,tub,2688.626,2688.626,Oat Vegan Ice Cream,"Coconut*, Soy, Tree nuts","","v/gf edible chocolate chip dough (plant-based oil blend from canola, coconut and sunflower oils, water, sunflower lecithin, faba bean protein, citric acid, natural flavor, glucose, beta carotene (color)., enjoy life mini chocolate chips (cane sugar, unsweetened chocolate, cocoa butter), light brown sugar, water, baking vanilla, sea salt), v/gf chocolate chip cookies (bobs redmill gluten free flour: sweet white rice flour, whole grain brown rice flour, potato starch, whole grain sorghum flour, tapioca flour, xantham gum) heat-treated, brown sugar, vegan chocolate chips, water, white sugar, dark brown sugar, baking soda, baking vanilla, baking powder, sea salt, canola oil), cane sugar, glucose, maltodextrin, coconut oil, palm oil, potato protein, oat flour,  salt, less than 1% of the following: cellulose gum, xanthan gum, modified food starch, calcium phosphate, mono and di-glycercides, potassium phosphate, soy lecithin, silicon dioxide. allergens: soy, sugar, white rice flour, tapioca starch, palm oil, soybean and/or canola oil, whole oat flour, cornstarch, cocoa (processed with alkali), invert sugar, soy lecithin, baking soda, salt, xanthan gum, chocolate, artificial flavor.contains: soy., madagascar vanilla 2x (bourbon vanilla), spirulina powder",,,1,,,,
242601,V/GF CornFlake Pie Crust,1.0,each,servings,6.211,6.211,"",Coconut*,"","plant-based oil blend from canola, coconut and sunflower oils, water, sunflower lecithin, faba bean protein, citric acid, natural flavor, glucose, beta carotene (color)., corn flakes, light corn syrup, maple syrup, white sugar, cinnamon (powdered)",,,1,,,,
242294,V/GF Edible Chocolate Chip Dough,1500.0,g,"",12.811,0.00854,"",Coconut*,"","plant-based oil blend from canola, coconut and sunflower oils, water, sunflower lecithin, faba bean protein, citric acid, natural flavor, glucose, beta carotene (color)., enjoy life mini chocolate chips (cane sugar, unsweetened chocolate, cocoa butter), light brown sugar, water, baking vanilla, sea salt",,,1,,,,
242602,V/GF Gingersnap Cookies,650.0,g,,1.225,0.00189,"",Coconut*,"","plant-based oil blend from canola, coconut and sunflower oils, water, sunflower lecithin, faba bean protein, citric acid, natural flavor, glucose, beta carotene (color)., bobs redmill gluten free flour: sweet white rice flour, whole grain brown rice flour, potato starch, whole grain sorghum flour, tapioca flour, xantham gum) heat-treated, brown sugar, light brown sugar, molasses, white sugar, water, potato starch, tapioca flour, baking soda, psyllium husk, baking soda, ginger, cinnamon (powdered), baking vanilla, salt, nutmeg",,,1,,,,
242604,V/GF Gingersnap Crumbs,1.0,each,servings,0.934,0.934,"",Coconut*,"","v/gf gingersnap cookies (plant-based oil blend from canola, coconut and sunflower oils, water, sunflower lecithin, faba bean protein, citric acid, natural flavor, glucose, beta carotene (color)., bobs redmill gluten free flour: sweet white rice flour, whole grain brown rice flour, potato starch, whole grain sorghum flour, tapioca flour, xantham gum) heat-treated, brown sugar, light brown sugar, molasses, white sugar, water, potato starch, tapioca flour, baking soda, psyllium husk, baking soda, ginger, cinnamon (powdered), baking vanilla, salt, nutmeg), plant-based oil blend from canola, coconut and sunflower oils, water, sunflower lecithin, faba bean protein, citric acid, natural flavor, glucose, beta carotene (color)., bobs redmill gluten free flour: sweet white rice flour, whole grain brown rice flour, potato starch, whole grain sorghum flour, tapioca flour, xantham gum) heat-treated, brown sugar, white sugar, cornstarch, sea salt",,,1,,,,
242600,V/GF Granola,1.0,g,"",9.984,9.984,"",Coconut*,"","plant-based oil blend from canola, coconut and sunflower oils, water, sunflower lecithin, faba bean protein, citric acid, natural flavor, glucose, beta carotene (color)., gluten free rolled oats, light brown sugar, maple syrup, dried apples, salt, cinnamon (powdered)",,,1,,,,
242297,V/GF Lime Curd,4.0,qt,"",13.172,3.293,"","Coconut*, Tree nuts","","plant-based oil blend from canola, coconut and sunflower oils, water, sunflower lecithin, faba bean protein, citric acid, natural flavor, glucose, beta carotene (color)., coconut milk (water, coconut cream*, contains 1% or less of: coconut water concentrate*, gellan gum, guar gum*, natural flavor, sodium citrate, tricalcium phosphate, vitamin d2, xanthan gum. ), white sugar, cornstarch, green color, turmeric gmf, salt",,,1,,,,
283632,V/gf Peach Melba Icecream,1.0,each,tub,35291.111,35291.111,Oat Vegan Ice Cream,"Soy, Tree nuts","","raspberry gmf, raspberry puree, white peach puree, cane sugar, glucose, maltodextrin, coconut oil, palm oil, potato protein, oat flour,  salt, less than 1% of the following: cellulose gum, xanthan gum, modified food starch, calcium phosphate, mono and di-glycercides, potassium phosphate, soy lecithin, silicon dioxide. allergens: soy, tahitian vanilla, peach flavor gmf",,,1,,,,
283955,V/GF Raspberry Blondie Icerceam,1.0,each,tub,2919.966,2919.966,Oat Vegan Ice Cream,"Coconut*, Soy, Tree nuts","","v/gf blondies (plant-based oil blend from canola, coconut and sunflower oils, water, sunflower lecithin, faba bean protein, citric acid, natural flavor, glucose, beta carotene (color)., bobs redmill gluten free flour: sweet white rice flour, whole grain brown rice flour, potato starch, whole grain sorghum flour, tapioca flour, xantham gum) heat-treated, brown sugar, vegan white chocolate chips, light brown sugar, white sugar, water, maple syrup, potato starch, tapioca flour, baking soda, psyllium husk, baking soda, baking vanilla, salt), raspberry jam, cane sugar, glucose, maltodextrin, coconut oil, palm oil, potato protein, oat flour,  salt, less than 1% of the following: cellulose gum, xanthan gum, modified food starch, calcium phosphate, mono and di-glycercides, potassium phosphate, soy lecithin, silicon dioxide. allergens: soy, madagascar vanilla 2x (bourbon vanilla)",,,1,,,,
291719,V/GF Swiss Roll (for christmas),2.0,each,logs,2.629,1.315,"","Coconut*, Eggs, Soy, Tree nuts","","large eggs, white sugar, bobs redmill gluten free flour: sweet white rice flour, whole grain brown rice flour, potato starch, whole grain sorghum flour, tapioca flour, xantham gum) heat-treated, brown sugar, cocoa powder ('sugar, cocoa- processed with alkali, unsweetened chocolate, soy lecithin- an emulsifier, vanilla.'), coconut milk (water, coconut cream*, contains 1% or less of: coconut water concentrate*, gellan gum, guar gum*, natural flavor, sodium citrate, tricalcium phosphate, vitamin d2, xanthan gum. ), baking vanilla, baking powder, sea salt, canola oil",,,1,,,,
242234,V/GF Vanilla Cake,1.0,each,servings,5.596,5.596,"","Coconut*, Tree nuts","","coconut milk (water, coconut cream*, contains 1% or less of: coconut water concentrate*, gellan gum, guar gum*, natural flavor, sodium citrate, tricalcium phosphate, vitamin d2, xanthan gum. ), bobs redmill gluten free flour: sweet white rice flour, whole grain brown rice flour, potato starch, whole grain sorghum flour, tapioca flour, xantham gum) heat-treated, brown sugar, white sugar, baking powder, chickpeas (aquafaba), baking vanilla, white vinegar, salt, canola oil",,,1,,,,
215069,Vanilla #3,1.5,each,Tubs,45.037,30.025,"",Milk,"","tahitian vanilla, madagascar vanilla 2x (bourbon vanilla), mexican vanilla 2x, 16% meadowvale dairy base-(cream, milk, cane sugar, skim milk, nonfat milk, guar gum, locust bean gum)",,,1,,,,
229611,Vanilla Cake,1400.0,g,Single batch,5.22,0.00373,"","Eggs, Gluten, Milk","","white sugar, flour, milk, whole, large eggs, sourcream, baking vanilla, baking powder, salt, canola oil",,,1,,,,
228827,Vanilla Cardamom Molasses Icecream,1.0,each,tubs,46.723,46.723,Dairy Ice Cream,Milk,"","molasses, tahitian vanilla, cardamom (powdered), 16% meadowvale dairy base-(cream, milk, cane sugar, skim milk, nonfat milk, guar gum, locust bean gum)",,,1,,,,
250493,Vegan Avocado Lime Icecream,1.5,each,tubs,56.407,37.605,Coconut Vegan Ice Cream,Tree nuts,"","avocado, limes, coconut cream (coconut extract, water), cane sugar, water, tapioca syrup solids, 2% or less of locust bean gum, sea salt.
",,,1,,,,
237266,Vegan Blackberry Icecream,2.5,each,tubs,100.304,40.122,Coconut Vegan Ice Cream,Tree nuts,"","blackberry puree, white sugar, madagascar vanilla 2x (bourbon vanilla), coconut cream (coconut extract, water), cane sugar, water, tapioca syrup solids, 2% or less of locust bean gum, sea salt.
",,,1,,,,
286372,Vegan Blueberry Lavender Icecream,1.0,each,tubs,9.57,9.57,Oat Vegan Ice Cream,"Soy, Tree nuts","","blueberries, frozen, cane sugar, glucose, maltodextrin, coconut oil, palm oil, potato protein, oat flour,  salt, less than 1% of the following: cellulose gum, xanthan gum, modified food starch, calcium phosphate, mono and di-glycercides, potassium phosphate, soy lecithin, silicon dioxide. allergens: soy, lavender extract",,,1,,,,
275105,Vegan Candy Cane Peafection,2.0,each,Tubs,55.247,27.623,Peafection Icecream,"Pea protein, Tree nuts","","peppermint candy, peapal, water, cane sugar, coconut oil, tapioca syrup, blend (dextrose, pea protein, locust bean gum, salt, guar gum), natural vanilla flavor, peppermint oil",,,1,,,,
291720,Vegan Caramel (housemade),1.0,g,"",1928.913,1928.913,"",Coconut*,"","condensed oat cream (water, oats 20%, cane sugar, virgin coconut oil, guar gum, calcium carbonate, sea salt), light brown sugar, plant-based oil blend from canola, coconut and sunflower oils, water, sunflower lecithin, faba bean protein, citric acid, natural flavor, glucose, beta carotene (color)., salt, baking vanilla, apple cider vinegar, water, organic oats, organic sunflower oil, salt, potassium corbonate ",,,1,,,,
283948,Vegan Cherry Icecream,1.5,each,tubs,4472.406,2981.604,Coconut Vegan Ice Cream,Tree nuts,"","candied black cherries, cherry flavor gmf, beet powder, madagascar vanilla 2x (bourbon vanilla), gmf caramel color, coconut cream (coconut extract, water), cane sugar, water, tapioca syrup solids, 2% or less of locust bean gum, sea salt.
",,,1,,,,
275093,Vegan Choco-Berry Kiss Icecream,1.75,each,Tubs,69.244,39.568,Coconut Vegan Ice Cream,"Soy, Tree nuts","","cocoa powder ('sugar, cocoa- processed with alkali, unsweetened chocolate, soy lecithin- an emulsifier, vanilla.'), white sugar, chocolate flavor, madagascar vanilla 2x (bourbon vanilla), mexican vanilla 2x, coconut cream (coconut extract, water), cane sugar, water, tapioca syrup solids, 2% or less of locust bean gum, sea salt.
",,,1,,,,
275089,Vegan Chocolate Chai,1.25,each,Tubs,316.478,253.182,"","Soy, Tree nuts","","white sugar, cocoa powder ('sugar, cocoa- processed with alkali, unsweetened chocolate, soy lecithin- an emulsifier, vanilla.'), chocolate flavor, madagascar vanilla 2x (bourbon vanilla), mexican vanilla 2x, coconut cream (coconut extract, water), cane sugar, water, tapioca syrup solids, 2% or less of locust bean gum, sea salt.
, organic chai concentrate",,,1,,,,
236494,Vegan Chocolate Icecream,1.0,each,tubs,69.244,69.244,Coconut Vegan Ice Cream,"Soy, Tree nuts","","cocoa powder ('sugar, cocoa- processed with alkali, unsweetened chocolate, soy lecithin- an emulsifier, vanilla.'), white sugar, chocolate flavor, madagascar vanilla 2x (bourbon vanilla), mexican vanilla 2x, coconut cream (coconut extract, water), cane sugar, water, tapioca syrup solids, 2% or less of locust bean gum, sea salt.
",,,1,,,,
275083,Vegan Chocolate Peafection,2.0,each,Tubs,60.041,30.021,Peafection Icecream,"Pea protein, Soy, Tree nuts","","cocoa powder ('sugar, cocoa- processed with alkali, unsweetened chocolate, soy lecithin- an emulsifier, vanilla.'), white sugar, chocolate flavor, peapal, water, cane sugar, coconut oil, tapioca syrup, blend (dextrose, pea protein, locust bean gum, salt, guar gum), natural vanilla flavor",,,1,,,,
275079,Vegan Coffee Oreo Peafection,2.0,each,Tubs,1853.473,926.736,Peafection Icecream,"Pea protein, Soy, Tree nuts","","sugar, white rice flour, tapioca starch, palm oil, soybean and/or canola oil, whole oat flour, cornstarch, cocoa (processed with alkali), invert sugar, soy lecithin, baking soda, salt, xanthan gum, chocolate, artificial flavor.contains: soy., peapal, espresso powder, cocoa powder ('sugar, cocoa- processed with alkali, unsweetened chocolate, soy lecithin- an emulsifier, vanilla.'), water, cane sugar, coconut oil, tapioca syrup, blend (dextrose, pea protein, locust bean gum, salt, guar gum), natural vanilla flavor",,,1,,,,
248641,Vegan Cookies And Dreams Ice Cream,1.5,each,tubs,1155.612,770.408,Coconut Vegan Ice Cream,"Soy, Tree nuts","","sugar, white rice flour, tapioca starch, palm oil, soybean and/or canola oil, whole oat flour, cornstarch, cocoa (processed with alkali), invert sugar, soy lecithin, baking soda, salt, xanthan gum, chocolate, artificial flavor.contains: soy., madagascar vanilla 2x (bourbon vanilla), coconut cream (coconut extract, water), cane sugar, water, tapioca syrup solids, 2% or less of locust bean gum, sea salt.
",,,1,,,,
291718,Vegan Cream Cheese Frosting,1.0,g,"",552.95,552.95,"",Coconut*,"","vegan cream cheese, powdered sugar, plant-based oil blend from canola, coconut and sunflower oils, water, sunflower lecithin, faba bean protein, citric acid, natural flavor, glucose, beta carotene (color)., baking vanilla, citric acid powder",,,1,,,,
276646,Vegan Creamsicle Icecream,2.0,each,Tubs,2676.237,1338.118,Coconut Vegan Ice Cream,Tree nuts,"","orange syrup (water, white sugar, fruit bracer, citric acid powder), mandarin puree, white sugar, madagascar vanilla 2x (bourbon vanilla), orange bitters, coconut cream (coconut extract, water), cane sugar, water, tapioca syrup solids, 2% or less of locust bean gum, sea salt.
, orange oil",,,1,,,,
275091,Vegan Death by Chocolate coconut boogaloo,1.5,each,Tubs,81.437,54.291,Coconut Vegan Ice Cream,"Coconut*, Soy, Tree nuts","","runny sauce (white sugar, cocoa powder ('sugar, cocoa- processed with alkali, unsweetened chocolate, soy lecithin- an emulsifier, vanilla.'), baking vanilla, salt, water), v/gf chocolate cake (coconut milk (water, coconut cream*, contains 1% or less of: coconut water concentrate*, gellan gum, guar gum*, natural flavor, sodium citrate, tricalcium phosphate, vitamin d2, xanthan gum. ), bobs redmill gluten free flour: sweet white rice flour, whole grain brown rice flour, potato starch, whole grain sorghum flour, tapioca flour, xantham gum) heat-treated, brown sugar, white sugar, light corn syrup, cocoa powder ('sugar, cocoa- processed with alkali, unsweetened chocolate, soy lecithin- an emulsifier, vanilla.'), baking powder, salt, baking soda, white vinegar, canola oil), cocoa powder ('sugar, cocoa- processed with alkali, unsweetened chocolate, soy lecithin- an emulsifier, vanilla.'), white sugar, chocolate flavor, madagascar vanilla 2x (bourbon vanilla), mexican vanilla 2x, coconut cream (coconut extract, water), cane sugar, water, tapioca syrup solids, 2% or less of locust bean gum, sea salt.
",,,1,,,,
242306,Vegan Donuts,6.0,each,Donuts,2.08,0.347,"","Coconut*, Tree nuts","","bobs redmill gluten free flour: sweet white rice flour, whole grain brown rice flour, potato starch, whole grain sorghum flour, tapioca flour, xantham gum) heat-treated, brown sugar, maple syrup, coconut milk (water, coconut cream*, contains 1% or less of: coconut water concentrate*, gellan gum, guar gum*, natural flavor, sodium citrate, tricalcium phosphate, vitamin d2, xanthan gum. ), white vinegar, baking powder, baking vanilla, salt",,,1,,,,
262466,Vegan Fudge,1.0,g,"",14.845,14.845,"","Coconut*, Soy","","plant-based oil blend from canola, coconut and sunflower oils, water, sunflower lecithin, faba bean protein, citric acid, natural flavor, glucose, beta carotene (color)., soy milk, light corn syrup, vegan chocolate chips, maple syrup, cocoa powder ('sugar, cocoa- processed with alkali, unsweetened chocolate, soy lecithin- an emulsifier, vanilla.'), baking vanilla, salt",,,1,,,,
275080,Vegan Ginger Peafection,2.0,each,Tubs,50.732,25.366,Peafection Icecream,"Pea protein, Tree nuts","","peapal, indonesian vanilla extract 2x, ginger, water, cane sugar, coconut oil, tapioca syrup, blend (dextrose, pea protein, locust bean gum, salt, guar gum), natural vanilla flavor",,,1,,,,
237264,Vegan Golden Milk,1.0,each,tubs,56.216,56.216,Coconut Vegan Ice Cream,Tree nuts,"","turmeric (powdered), cinnamon (powdered), ginger, indonesian vanilla extract 2x, cardamom (powdered), coconut cream (coconut extract, water), cane sugar, water, tapioca syrup solids, 2% or less of locust bean gum, sea salt.
, pepper",,,1,,,,
287304,Vegan Huckleberry Icecream,2.0,each,"",57.435,28.717,Coconut Vegan Ice Cream,Tree nuts,"","huckleberries, white sugar, orange blossom water, tahitian vanilla, coconut cream (coconut extract, water), cane sugar, water, tapioca syrup solids, 2% or less of locust bean gum, sea salt.
",,,1,,,,
287312,Vegan Jam and Tea Icecream (Pea),2.0,each,tubs,35974.453,17987.226,Peafection Icecream,"Pea protein, Tree nuts","","bergamot gmf, earl grey syrup (water, white sugar, earl grey tea), sugar, blackberries, water, fruit pectin, citric acid, potassium sorbrate, peapal, water, cane sugar, coconut oil, tapioca syrup, blend (dextrose, pea protein, locust bean gum, salt, guar gum), natural vanilla flavor",,,1,,,,
275099,Vegan lemon curd,1.0,g,"",0,0,"","","","",,,1,,,,
275097,Vegan Lemon Meringue Pie Icecream,2.0,each,Tubs,602.953,301.476,Coconut Vegan Ice Cream,Tree nuts,"","v/gf graham crackers, vegan meringue (white sugar, chickpeas (aquafaba), baking vanilla, cream of tartar), lemon emulsion gmf, turmeric gmf, madagascar vanilla 2x (bourbon vanilla), coconut cream (coconut extract, water), cane sugar, water, tapioca syrup solids, 2% or less of locust bean gum, sea salt.
, lemon oil",,,1,,,,
244544,Vegan Lemon Poppy Seed,1.0,each,servings,64.675,64.675,Coconut Vegan Ice Cream,Tree nuts,"","poppyseeds, lemon emulsion gmf, turmeric gmf, madagascar vanilla 2x (bourbon vanilla), lemon oil, coconut cream (coconut extract, water), cane sugar, water, tapioca syrup solids, 2% or less of locust bean gum, sea salt.
",,,1,,,,
242605,Vegan Maple HoneyComb Candy,1.0,each,servings,2.767,2.767,"","","","white sugar, maple syrup, water, baking soda, sea salt",,,1,,,,
275098,Vegan meringue,1.0,g,"",0.831,0.831,"","","","white sugar, chickpeas (aquafaba), baking vanilla, cream of tartar",,,1,,,,
286298,Vegan Mocho-Nut Icecream,1.5,each,tubs,60.291,40.194,Coconut Vegan Ice Cream,"Soy, Tree nuts","","shredded coconut, cocoa powder ('sugar, cocoa- processed with alkali, unsweetened chocolate, soy lecithin- an emulsifier, vanilla.'), espresso powder, mexican vanilla 2x, coconut cream (coconut extract, water), cane sugar, water, tapioca syrup solids, 2% or less of locust bean gum, sea salt.
",,,1,,,,
286623,Vegan Neapolitan Icecream,3.0,each,tubs,107.308,35.769,Coconut Vegan Ice Cream,"Soy, Tree nuts","","vegan strawberry ice cream (strawberry puree, white sugar, tahitian vanilla, coconut cream (coconut extract, water), cane sugar, water, tapioca syrup solids, 2% or less of locust bean gum, sea salt.
), vegan chocolate icecream (cocoa powder ('sugar, cocoa- processed with alkali, unsweetened chocolate, soy lecithin- an emulsifier, vanilla.'), white sugar, chocolate flavor, madagascar vanilla 2x (bourbon vanilla), mexican vanilla 2x, coconut cream (coconut extract, water), cane sugar, water, tapioca syrup solids, 2% or less of locust bean gum, sea salt.
), vegan vanilla bean icecream (tahitian vanilla, madagascar vanilla 2x (bourbon vanilla), mexican vanilla 2x, coconut cream (coconut extract, water), cane sugar, water, tapioca syrup solids, 2% or less of locust bean gum, sea salt.
, vanilla bean paste)",,,1,,,,
286403,Vegan Peach Bourbon Icecream,1.5,each,tubs,3.513,2.342,Oat Vegan Ice Cream,"Soy, Tree nuts","","peaches, cane sugar, glucose, maltodextrin, coconut oil, palm oil, potato protein, oat flour,  salt, less than 1% of the following: cellulose gum, xanthan gum, modified food starch, calcium phosphate, mono and di-glycercides, potassium phosphate, soy lecithin, silicon dioxide. allergens: soy, peach flavor gmf, bourbon whiskey flavor (gmf)",,,1,,,,
286626,Vegan Pear Blackberry Crumble Icecream,2.0,each,tubs,11244.644,5622.322,Peafection Icecream,"Coconut*, Pea protein, Tree nuts","","v/gf granola (plant-based oil blend from canola, coconut and sunflower oils, water, sunflower lecithin, faba bean protein, citric acid, natural flavor, glucose, beta carotene (color)., gluten free rolled oats, light brown sugar, maple syrup, dried apples, salt, cinnamon (powdered)), marionberry spread, white sugar, dried pears, peapal, madagascar vanilla 2x (bourbon vanilla), water, cane sugar, coconut oil, tapioca syrup, blend (dextrose, pea protein, locust bean gum, salt, guar gum), natural vanilla flavor, pear puree",,,1,,,,
286624,Vegan Pickle Icecream (PEA),1.5,each,tubs,54.464,36.309,Peafection Icecream,"Pea protein, Tree nuts","","cucumber, white sugar, peapal, green color, water, cane sugar, coconut oil, tapioca syrup, blend (dextrose, pea protein, locust bean gum, salt, guar gum), natural vanilla flavor",,,1,,,,
286286,Vegan Pumpkin Sage Maple Icecream,1.75,each,tubs,1452.106,829.775,Coconut Vegan Ice Cream,Tree nuts,"","pumpkin puree, white sugar, vegan maple honeycomb candy (white sugar, maple syrup, water, baking soda, sea salt), sage gmf, sea salt, coconut cream (coconut extract, water), cane sugar, water, tapioca syrup solids, 2% or less of locust bean gum, sea salt.
, pumpkin gmf",,,1,,,,
275102,Vegan Pumpkin Spice Icecream,2.0,each,Tubs,120.738,60.369,Coconut Vegan Ice Cream,Tree nuts,"","pumpkin puree, dark brown sugar, pumpkin pie spice mix (cinnamon (powdered), nutmeg, ginger, all spice, cloves), madagascar vanilla 2x (bourbon vanilla), coconut cream (coconut extract, water), cane sugar, water, tapioca syrup solids, 2% or less of locust bean gum, sea salt.
, pumpkin gmf",,,1,,,,
275086,Vegan S’mores Icecream,2.0,each,Tubs,688.875,344.438,Coconut Vegan Ice Cream,"Soy, Tree nuts","","runny sauce (white sugar, cocoa powder ('sugar, cocoa- processed with alkali, unsweetened chocolate, soy lecithin- an emulsifier, vanilla.'), baking vanilla, salt, water), v/gf graham crackers, vegan mini marshmallows, cocoa powder ('sugar, cocoa- processed with alkali, unsweetened chocolate, soy lecithin- an emulsifier, vanilla.'), white sugar, chocolate flavor, mexican vanilla 2x, coconut cream (coconut extract, water), cane sugar, water, tapioca syrup solids, 2% or less of locust bean gum, sea salt.
",,,1,,,,
276631,Vegan Spiced Chocolate Orange Icecream,2.0,each,Tubs,70.817,35.409,Coconut Vegan Ice Cream,"Soy, Tree nuts","","candied orange pieces, cocoa powder ('sugar, cocoa- processed with alkali, unsweetened chocolate, soy lecithin- an emulsifier, vanilla.'), white sugar, chocolate flavor, indonesian vanilla extract 2x, all spice, coconut cream (coconut extract, water), cane sugar, water, tapioca syrup solids, 2% or less of locust bean gum, sea salt.
, orange oil, cloves, cinnamon flavor",,,1,,,,
237269,Vegan Strawberry Ice Cream,1.0,each,tubs,85.317,85.317,Coconut Vegan Ice Cream,Tree nuts,"","strawberry puree, white sugar, tahitian vanilla, coconut cream (coconut extract, water), cane sugar, water, tapioca syrup solids, 2% or less of locust bean gum, sea salt.
",,,1,,,,
286629,Vegan Strawberry Icecream (PEA),1.5,each,tubs,136051.465,90700.977,Peafection Icecream,"Pea protein, Tree nuts","","strawberry paste, strawberry puree, white sugar, peapal, 4-1 strawberries, water, cane sugar, coconut oil, tapioca syrup, blend (dextrose, pea protein, locust bean gum, salt, guar gum), natural vanilla flavor",,,1,,,,
286622,Vegan Strawberry Rhubarb Icecream,1.5,each,tubs,7452.055,4968.036,Coconut Vegan Ice Cream,Tree nuts,"","strawberries, frozen, roasted rhubarb (rhubarb, cut and washed, light brown sugar, white vinegar), white sugar, tahitian vanilla, coconut cream (coconut extract, water), cane sugar, water, tapioca syrup solids, 2% or less of locust bean gum, sea salt.
",,,1,,,,
242302,Vegan Sun Butter Date Bark,1.0,g,"",11.005,11.005,"","","","dates, vegan chocolate chips, sun butter, sea salt, canola oil",,,1,,,,
268283,Vegan Sun butter date bark Icecream,2.0,each,Tubs,16575.666,8287.833,Coconut Vegan Ice Cream,Tree nuts,"","vegan sun butter date bark (dates, vegan chocolate chips, sun butter, sea salt, canola oil), sun butter, maple syrup, cinnamon (powdered), coconut cream (coconut extract, water), cane sugar, water, tapioca syrup solids, 2% or less of locust bean gum, sea salt.
, cinnamon flavor",,,1,,,,
276614,Vegan Sweet Potato Pie icecream,2.0,each,Tubs,674.317,337.158,Coconut Vegan Ice Cream,Tree nuts,"","v/gf graham crackers, dark brown sugar, vegan mini marshmallows, indonesian vanilla extract 2x, cinnamon (powdered), coconut cream (coconut extract, water), cane sugar, water, tapioca syrup solids, 2% or less of locust bean gum, sea salt.
",,,1,,,,
244545,Vegan Vanilla Bean icecream,1.0,each,tubs,60.055,60.055,Coconut Vegan Ice Cream,Tree nuts,"","tahitian vanilla, madagascar vanilla 2x (bourbon vanilla), mexican vanilla 2x, coconut cream (coconut extract, water), cane sugar, water, tapioca syrup solids, 2% or less of locust bean gum, sea salt.
, vanilla bean paste",,,1,,,,
242305,Vegan Waffles,3.0,each,Waffles,2.441,0.814,"","Coconut*, Gluten, Tree nuts","","plant-based oil blend from canola, coconut and sunflower oils, water, sunflower lecithin, faba bean protein, citric acid, natural flavor, glucose, beta carotene (color)., coconut milk (water, coconut cream*, contains 1% or less of: coconut water concentrate*, gellan gum, guar gum*, natural flavor, sodium citrate, tricalcium phosphate, vitamin d2, xanthan gum. ), flour, baking powder, baking vanilla, apple cider vinegar",,,1,,,,
283629,vegan white choco fruity pebbles,1.0,g,"",0.75,0.75,"","","","fruity cereal, vegan white chocolate chips",,,1,,,,
286292,Walnut Streusel,1.0,g,"",0,0,"","","","",,,1,,,,
241293,Wassail Sorbet (v),0.5,each,Tubs,5653.168,11306.336,Sorbet,"","","water, white sugar, glucose, mulled wine (red wine, star anise, cinnamon sticks, oranges), ice bracer, orange blossom water, nutmeg",,,,,,,
286409,Water Ice (base recipe),1.0,each,tub,12.14,12.14,Sorbet,"","","water, white sugar, ice bracer, citric acid solution (citric acid powder, water)",,,1,,,,
287308,Watermelon Mint Sorbet,2.0,each,tubs,12.939,6.469,Sorbet,"","","watermelon puree, water, white sugar, glucose powder, mint, fresh, ice bracer, citric acid powder",,,1,,,,
287310,Watermelon Sorbet,2.0,each,tubs,14.917,7.459,Sorbet,"","","watermelon puree, white sugar, water, glucose powder, ice bracer",,,1,,,,
230435,Wet Cinnamon Walnuts,1.0,each,Serving,5.517,5.517,"",Tree nuts,"","light corn syrup, water, white sugar, walnuts, baking vanilla, cinnamon (powdered)",,,1,,,,
239643,White Choco covered fruity cereal,1.0,each,servings,5.678,5.678,"","Milk, Soy","","fruity cereal, white chocolate",,,1,,,,
239644,White choco covered pretzels,1.0,g,"",15.173,15.173,"","Gluten, Milk, Soy, Wheat","","white chocolate, pretzels",,,1,,,,
241289,White Chocolate Peppermint Bark,2.5,each,Tubs,56.975,22.79,Dairy Ice Cream,"Milk, Soy","","peppermint bark (chocolate callets (unsweetened chocolate; sugar; cocoa butter; lecithin (soy); natural vanilla flavor; milk), white chocolate, peppermint candy, peppermint oil, canola oil), beet powder, white chocolate, 16% meadowvale dairy base-(cream, milk, cane sugar, skim milk, nonfat milk, guar gum, locust bean gum), peppermint oil",,,1,,,,
230845,Wine Cherries,1.0,each,servings,25.377,25.377,"","","","water, cherries, for wine, white sugar, cinnamon sticks, cabernet, peppercorns",,,1,,,,
242232,Winter Hot Cocoa,1.0,each,servings,2.481,2.481,"",Soy,"","white sugar, cocoa powder ('sugar, cocoa- processed with alkali, unsweetened chocolate, soy lecithin- an emulsifier, vanilla.'), baking vanilla, salt",,,1,,,,
248645,Yass Cream Slay,3.0,each,tubs,136091.922,45363.974,Dairy Ice Cream,Milk,"","plain strawberry icecream (strawberry paste, strawberry puree, white sugar, tahitian vanilla, 16% meadowvale dairy base-(cream, milk, cane sugar, skim milk, nonfat milk, guar gum, locust bean gum)), lime icecream (lime puree, white sugar, 16% meadowvale dairy base-(cream, milk, cane sugar, skim milk, nonfat milk, guar gum, locust bean gum), lemon oil), mango icecream (mango puree, white sugar, madagascar vanilla 2x (bourbon vanilla), 16% meadowvale dairy base-(cream, milk, cane sugar, skim milk, nonfat milk, guar gum, locust bean gum))",,,1,,,,
286363,Yellow Pluot Sorbet,1.5,each,tub,15.995,10.664,Sorbet,"","","pluot (yellow), white sugar, glucose, ice bracer, citric acid powder",,,1,,,,
230850,Zucchini Paste,1.0,each,servings,0.61,0.61,"",Milk,"","butter, salt, cinnamon (powdered), nutmeg, cloves, pepper, coriander",,,1,,,,
230849,"Zucchini, grated",1.0,g,,0,0,"","","","",,,1,,,,
